Device Name,T19
Device Model,Kestrel DROP 2
Serial Number,2815069
FORMATTED DATE_TIME,Temperature,Relative Humidity,Heat Index,Dew Point
yyyy-MM-dd hh:mm:ss a,°F,%,°F,°F,Data Type,Record name,Start time,Duration (H:M:S),Location description,Location address,Location coordinates,Notes
2000-01-01 00:10:00,74.4,19.9,70.2,30.7,point
2023-06-26 18:20:00,83.5,56.4,86.5,66.3,point
2023-06-26 18:30:00,82.7,57.2,84.9,66.0,point
2023-06-26 18:40:00,82.4,57.5,84.7,65.9,point
2023-06-26 18:50:00,81.9,57.5,84.0,65.4,point
2023-06-26 19:00:00,81.6,57.7,83.5,65.2,point
2023-06-26 19:10:00,81.4,57.9,83.1,65.1,point
2023-06-26 19:20:00,81.3,58.1,82.9,65.2,point
2023-06-26 19:30:00,81.1,58.4,82.6,65.1,point
2023-06-26 19:40:00,81.1,58.6,82.8,65.2,point
2023-06-26 19:50:00,80.9,58.8,82.6,65.2,point
2023-06-26 20:00:00,80.9,59.0,82.6,65.2,point
2023-06-26 20:10:00,80.8,59.2,82.6,65.2,point
2023-06-26 20:20:00,80.8,59.3,82.8,65.3,point
2023-06-26 20:30:00,80.7,59.5,82.4,65.3,point
2023-06-26 20:40:00,80.6,59.6,82.4,65.2,point
2023-06-26 20:50:00,80.6,59.6,82.4,65.3,point
2023-06-26 21:00:00,80.6,59.7,82.2,65.3,point
2023-06-26 21:10:00,80.6,59.9,82.2,65.3,point
2023-06-26 21:20:00,80.5,60.0,82.2,65.4,point
2023-06-26 21:30:00,80.5,60.1,82.4,65.4,point
2023-06-26 21:40:00,80.4,60.1,82.4,65.4,point
2023-06-26 21:50:00,80.4,60.3,82.4,65.4,point
2023-06-26 22:00:00,80.4,60.4,82.4,65.5,point
2023-06-26 22:10:00,80.4,60.5,82.0,65.5,point
2023-06-26 22:20:00,80.4,60.5,82.0,65.5,point
2023-06-26 22:30:00,80.4,60.6,82.0,65.5,point
2023-06-26 22:40:00,80.4,60.6,82.0,65.6,point
2023-06-26 22:50:00,80.4,60.8,82.2,65.6,point
2023-06-26 23:00:00,80.3,60.8,82.2,65.6,point
2023-06-26 23:10:00,80.3,60.8,82.2,65.6,point
2023-06-26 23:20:00,80.3,60.8,82.2,65.6,point
2023-06-26 23:30:00,80.3,60.8,82.2,65.6,point
2023-06-26 23:40:00,80.3,60.8,82.2,65.5,point
2023-06-26 23:50:00,80.2,60.8,81.9,65.4,point
2023-06-27 00:00:00,80.2,60.8,81.9,65.4,point
2023-06-27 00:10:00,80.2,60.7,81.9,65.4,point
2023-06-27 00:20:00,80.2,60.7,81.9,65.4,point
2023-06-27 00:30:00,80.2,60.6,81.9,65.4,point
2023-06-27 00:40:00,80.2,60.6,81.9,65.3,point
2023-06-27 00:50:00,80.2,60.5,81.9,65.3,point
2023-06-27 01:00:00,80.2,60.5,81.9,65.3,point
2023-06-27 01:10:00,80.2,60.5,81.9,65.3,point
2023-06-27 01:20:00,80.2,60.4,81.9,65.2,point
2023-06-27 01:30:00,80.2,60.4,81.9,65.2,point
2023-06-27 01:40:00,80.2,60.4,81.9,65.2,point
2023-06-27 01:50:00,80.2,60.4,81.9,65.2,point
2023-06-27 02:00:00,80.1,60.4,81.9,65.1,point
2023-06-27 02:10:00,80.1,60.4,81.9,65.1,point
2023-06-27 02:20:00,80.1,60.4,81.9,65.1,point
2023-06-27 02:30:00,80.1,60.4,81.9,65.2,point
2023-06-27 02:40:00,80.1,60.4,81.9,65.2,point
2023-06-27 02:50:00,80.1,60.5,81.9,65.1,point
2023-06-27 03:00:00,80.1,60.5,81.9,65.1,point
2023-06-27 03:10:00,80.1,60.5,81.9,65.2,point
2023-06-27 03:20:00,80.1,60.5,81.9,65.2,point
2023-06-27 03:30:00,80.0,60.5,81.5,65.1,point
2023-06-27 03:40:00,80.0,60.5,81.5,65.1,point
2023-06-27 03:50:00,80.0,60.5,81.5,65.1,point
2023-06-27 04:00:00,80.0,60.5,81.5,65.1,point
2023-06-27 04:10:00,80.0,60.5,81.5,65.1,point
2023-06-27 04:20:00,80.0,60.5,81.5,65.1,point
2023-06-27 04:30:00,80.0,60.4,81.5,65.0,point
2023-06-27 04:40:00,79.9,60.4,81.5,65.0,point
2023-06-27 04:50:00,79.9,60.5,81.3,65.0,point
2023-06-27 05:00:00,79.9,60.4,81.3,64.9,point
2023-06-27 05:10:00,79.9,60.4,81.3,64.9,point
2023-06-27 05:20:00,79.9,60.3,81.3,64.9,point
2023-06-27 05:30:00,79.8,60.3,81.3,64.8,point
2023-06-27 05:40:00,79.8,60.2,81.3,64.8,point
2023-06-27 05:50:00,79.8,60.1,81.3,64.7,point
2023-06-27 06:00:00,79.8,60.1,81.3,64.7,point
2023-06-27 06:10:00,79.8,60.1,81.3,64.7,point
2023-06-27 06:20:00,79.7,60.1,81.0,64.6,point
2023-06-27 06:30:00,79.6,60.1,81.0,64.5,point
2023-06-27 06:40:00,79.7,60.0,81.0,64.6,point
2023-06-27 06:50:00,79.6,60.0,81.0,64.5,point
2023-06-27 07:00:00,79.6,60.0,80.8,64.5,point
2023-06-27 07:10:00,79.6,59.9,80.8,64.5,point
2023-06-27 07:20:00,79.5,60.0,80.8,64.4,point
2023-06-27 07:30:00,79.5,59.9,80.8,64.4,point
2023-06-27 07:40:00,79.5,59.9,80.6,64.4,point
2023-06-27 07:50:00,79.5,60.0,81.0,64.5,point
2023-06-27 08:00:00,79.5,60.0,80.8,64.4,point
2023-06-27 08:10:00,79.5,59.9,80.6,64.4,point
2023-06-27 08:20:00,79.5,59.9,80.8,64.4,point
2023-06-27 08:30:00,79.5,59.8,80.6,64.3,point
2023-06-27 08:40:00,79.5,59.8,80.6,64.3,point
2023-06-27 08:50:00,79.4,59.9,80.6,64.3,point
2023-06-27 09:00:00,79.5,60.0,80.8,64.4,point
2023-06-27 09:10:00,79.4,55.4,79.9,62.0,point
2023-06-27 09:20:00,78.8,55.5,79.2,61.5,point
2023-06-27 09:30:00,78.0,59.5,78.4,62.7,point
2023-06-27 09:40:00,77.1,65.9,77.7,64.8,point
2023-06-27 09:50:00,77.0,66.9,77.9,65.1,point
2023-06-27 10:00:00,76.9,65.8,77.5,64.6,point
2023-06-27 10:10:00,76.8,65.4,77.2,64.3,point
2023-06-27 10:20:00,76.9,67.1,77.7,65.1,point
2023-06-27 10:30:00,77.7,63.5,78.6,64.4,point
2023-06-27 10:40:00,78.2,60.1,78.8,63.2,point
2023-06-27 10:50:00,78.3,62.7,79.3,64.5,point
2023-06-27 11:00:00,78.7,62.3,79.9,64.7,point
2023-06-27 11:10:00,79.8,63.0,81.9,66.1,point
2023-06-27 11:20:00,81.4,60.4,83.7,66.4,point
2023-06-27 11:30:00,81.7,59.0,83.8,66.0,point
2023-06-27 11:40:00,81.4,58.9,83.3,65.7,point
2023-06-27 11:50:00,80.3,61.2,82.2,65.7,point
2023-06-27 12:00:00,80.6,60.5,82.4,65.7,point
2023-06-27 12:10:00,81.9,58.9,84.2,66.1,point
2023-06-27 12:20:00,82.6,58.3,85.3,66.5,point
2023-06-27 12:30:00,83.8,55.6,86.7,66.2,point
2023-06-27 12:40:00,80.7,57.8,82.0,64.4,point
2023-06-27 12:50:00,80.1,59.2,81.7,64.6,point
2023-06-27 13:00:00,79.8,60.6,81.3,65.0,point
2023-06-27 13:10:00,80.0,61.3,81.7,65.4,point
2023-06-27 13:20:00,79.8,61.1,81.3,65.2,point
2023-06-27 13:30:00,79.8,61.3,81.3,65.3,point
2023-06-27 13:40:00,80.3,60.1,82.0,65.2,point
2023-06-27 13:50:00,80.4,59.6,82.2,65.1,point
2023-06-27 14:00:00,80.4,60.2,82.0,65.3,point
2023-06-27 14:10:00,79.5,60.3,80.8,64.5,point
2023-06-27 14:20:00,79.8,61.8,81.5,65.5,point
2023-06-27 14:30:00,79.8,62.0,81.5,65.6,point
2023-06-27 14:40:00,79.3,62.7,80.8,65.5,point
2023-06-27 14:50:00,79.4,63.4,81.3,65.8,point
2023-06-27 15:00:00,79.1,63.4,80.6,65.6,point
2023-06-27 15:10:00,79.2,63.0,81.0,65.5,point
2023-06-27 15:20:00,79.5,62.8,81.1,65.7,point
2023-06-27 15:30:00,79.2,63.2,81.0,65.6,point
2023-06-27 15:40:00,79.2,63.1,81.0,65.5,point
2023-06-27 15:50:00,79.2,63.9,81.0,65.9,point
2023-06-27 16:00:00,79.2,62.8,80.8,65.4,point
2023-06-27 16:10:00,79.3,62.7,80.8,65.4,point
2023-06-27 16:20:00,78.9,62.9,80.2,65.2,point
2023-06-27 16:30:00,78.8,63.8,80.2,65.5,point
2023-06-27 16:40:00,78.5,64.3,79.9,65.5,point
2023-06-27 16:50:00,78.2,66.1,79.7,65.9,point
2023-06-27 17:00:00,77.7,66.6,79.2,65.8,point
2023-06-27 17:10:00,77.6,67.1,79.0,65.8,point
2023-06-27 17:20:00,77.7,68.7,79.5,66.6,point
2023-06-27 17:30:00,77.6,69.6,79.3,66.9,point
2023-06-27 17:40:00,77.5,69.7,79.0,66.8,point
2023-06-27 17:50:00,77.2,69.8,78.4,66.5,point
2023-06-27 18:00:00,76.8,70.9,77.9,66.7,point
2023-06-27 18:10:00,76.4,71.1,77.4,66.3,point
2023-06-27 18:20:00,76.3,71.5,77.4,66.4,point
2023-06-27 18:30:00,76.1,69.3,77.0,65.3,point
2023-06-27 18:40:00,75.8,69.3,76.6,65.1,point
2023-06-27 18:50:00,75.5,69.8,76.3,64.9,point
2023-06-27 19:00:00,75.3,70.4,76.1,65.0,point
2023-06-27 19:10:00,75.2,71.2,76.1,65.2,point
2023-06-27 19:20:00,75.1,71.5,76.1,65.2,point
2023-06-27 19:30:00,74.8,71.7,75.7,65.1,point
2023-06-27 19:40:00,74.9,72.6,76.1,65.5,point
2023-06-27 19:50:00,74.6,73.8,75.7,65.7,point
2023-06-27 20:00:00,74.2,75.0,75.4,65.8,point
2023-06-27 20:10:00,74.0,75.8,75.4,65.9,point
2023-06-27 20:20:00,73.7,76.2,75.0,65.8,point
2023-06-27 20:30:00,73.5,77.0,74.8,65.8,point
2023-06-27 20:40:00,73.2,77.7,74.5,65.8,point
2023-06-27 20:50:00,73.0,78.8,74.3,66.0,point
2023-06-27 21:00:00,72.7,79.5,74.3,66.0,point
2023-06-27 21:10:00,72.5,80.1,73.8,66.0,point
2023-06-27 21:20:00,72.4,80.6,73.8,66.1,point
2023-06-27 21:30:00,72.3,81.2,73.6,66.2,point
2023-06-27 21:40:00,72.0,81.6,73.4,66.1,point
2023-06-27 21:50:00,71.8,82.2,73.2,66.1,point
2023-06-27 22:00:00,71.8,82.3,73.2,66.1,point
2023-06-27 22:10:00,71.7,82.5,73.0,66.0,point
2023-06-27 22:20:00,71.6,82.7,73.2,66.1,point
2023-06-27 22:30:00,71.5,83.0,72.9,66.0,point
2023-06-27 22:40:00,71.4,83.2,72.7,66.0,point
2023-06-27 22:50:00,71.3,83.5,72.7,66.0,point
2023-06-27 23:00:00,71.4,83.6,72.7,66.2,point
2023-06-27 23:10:00,71.5,83.5,73.0,66.2,point
2023-06-27 23:20:00,71.6,83.1,72.9,66.2,point
2023-06-27 23:30:00,71.6,82.9,73.2,66.1,point
2023-06-27 23:40:00,71.6,82.7,72.9,66.0,point
2023-06-27 23:50:00,71.5,83.1,72.9,66.0,point
2023-06-28 00:00:00,71.5,83.0,72.9,66.1,point
2023-06-28 00:10:00,71.6,82.8,72.9,66.1,point
2023-06-28 00:20:00,71.0,87.6,72.5,67.2,point
2023-06-28 00:30:00,69.8,90.7,71.1,66.9,point
2023-06-28 00:40:00,68.9,93.0,70.3,66.8,point
2023-06-28 00:50:00,68.4,95.5,69.8,67.0,point
2023-06-28 01:00:00,68.0,95.8,69.4,66.7,point
2023-06-28 01:10:00,67.8,96.2,69.4,66.7,point
2023-06-28 01:20:00,67.6,96.9,68.9,66.7,point
2023-06-28 01:30:00,67.6,97.4,68.9,66.8,point
2023-06-28 01:40:00,67.3,97.6,68.9,66.6,point
2023-06-28 01:50:00,67.2,97.9,68.7,66.6,point
2023-06-28 02:00:00,66.9,97.8,68.5,66.3,point
2023-06-28 02:10:00,67.0,98.6,68.5,66.7,point
2023-06-28 02:20:00,67.1,99.1,68.7,66.8,point
2023-06-28 02:30:00,67.0,99.3,68.5,66.8,point
2023-06-28 02:40:00,67.1,99.2,68.7,66.9,point
2023-06-28 02:50:00,67.2,99.4,68.9,67.0,point
2023-06-28 03:00:00,67.2,99.6,68.9,67.1,point
2023-06-28 03:10:00,67.3,99.5,69.1,67.1,point
2023-06-28 03:20:00,67.4,99.7,69.1,67.3,point
2023-06-28 03:30:00,67.6,99.9,69.3,67.5,point
2023-06-28 03:40:00,67.6,100.0,69.3,67.6,point
2023-06-28 03:50:00,67.5,100.0,69.3,67.5,point
2023-06-28 04:00:00,67.4,100.0,69.1,67.4,point
2023-06-28 04:10:00,67.5,100.0,69.3,67.5,point
2023-06-28 04:20:00,67.4,100.0,69.1,67.4,point
2023-06-28 04:30:00,67.4,100.0,69.1,67.4,point
2023-06-28 04:40:00,67.4,100.0,69.1,67.4,point
2023-06-28 04:50:00,67.5,100.0,69.3,67.5,point
2023-06-28 05:00:00,67.4,100.0,69.1,67.4,point
2023-06-28 05:10:00,67.4,100.0,69.1,67.4,point
2023-06-28 05:20:00,67.4,100.0,69.1,67.4,point
2023-06-28 05:30:00,67.7,100.0,69.4,67.7,point
2023-06-28 05:40:00,67.8,99.8,69.6,67.8,point
2023-06-28 05:50:00,67.7,99.6,69.4,67.6,point
2023-06-28 06:00:00,67.7,99.7,69.4,67.6,point
2023-06-28 06:10:00,67.8,99.7,69.4,67.7,point
2023-06-28 06:20:00,67.9,99.2,69.6,67.7,point
2023-06-28 06:30:00,68.1,98.8,69.8,67.8,point
2023-06-28 06:40:00,68.1,97.9,69.8,67.4,point
2023-06-28 06:50:00,68.1,97.7,69.8,67.4,point
2023-06-28 07:00:00,68.1,97.5,69.6,67.4,point
2023-06-28 07:10:00,68.3,97.5,70.0,67.6,point
2023-06-28 07:20:00,68.5,97.2,70.0,67.7,point
2023-06-28 07:30:00,68.9,96.5,70.3,67.8,point
2023-06-28 07:40:00,68.9,96.0,70.5,67.7,point
2023-06-28 07:50:00,69.3,95.5,70.9,68.0,point
2023-06-28 08:00:00,70.1,95.5,71.8,68.7,point
2023-06-28 08:10:00,70.4,94.2,72.1,68.6,point
2023-06-28 08:20:00,70.9,93.1,72.7,68.8,point
2023-06-28 08:30:00,70.8,91.3,72.5,68.1,point
2023-06-28 08:40:00,70.8,92.0,72.5,68.3,point
2023-06-28 08:50:00,70.8,92.5,72.5,68.5,point
2023-06-28 09:00:00,70.7,90.8,72.1,67.8,point
2023-06-28 09:10:00,70.8,91.6,72.5,68.2,point
2023-06-28 09:20:00,70.8,91.2,72.5,68.1,point
2023-06-28 09:30:00,71.2,91.6,72.9,68.6,point
2023-06-28 09:40:00,71.8,90.2,73.9,68.8,point
2023-06-28 09:50:00,72.8,89.5,74.8,69.5,point
2023-06-28 10:00:00,72.9,86.4,75.0,68.6,point
2023-06-28 10:10:00,72.8,85.4,74.7,68.1,point
2023-06-28 10:20:00,72.2,84.3,73.9,67.2,point
2023-06-28 10:30:00,71.6,90.0,73.4,68.5,point
2023-06-28 10:40:00,71.1,92.1,72.9,68.6,point
2023-06-28 10:50:00,71.2,91.8,72.9,68.7,point
2023-06-28 11:00:00,71.5,91.9,73.4,69.0,point
2023-06-28 11:10:00,71.8,91.0,73.9,69.1,point
2023-06-28 11:20:00,72.1,89.8,73.9,69.0,point
2023-06-28 11:30:00,72.9,90.5,75.4,70.0,point
2023-06-28 11:40:00,71.9,88.9,73.8,68.4,point
2023-06-28 11:50:00,69.3,93.4,70.7,67.3,point
2023-06-28 12:00:00,68.7,97.4,70.2,67.9,point
2023-06-28 12:10:00,68.3,97.2,69.8,67.4,point
2023-06-28 12:20:00,68.0,97.7,69.8,67.3,point
2023-06-28 12:30:00,67.9,98.0,69.6,67.3,point
2023-06-28 12:40:00,67.6,97.9,69.1,66.9,point
2023-06-28 12:50:00,67.8,98.4,69.3,67.3,point
2023-06-28 13:00:00,67.9,98.0,69.6,67.3,point
2023-06-28 13:10:00,68.0,96.2,69.6,66.9,point
2023-06-28 13:20:00,67.7,95.2,69.1,66.3,point
2023-06-28 13:30:00,67.7,94.8,69.1,66.2,point
2023-06-28 13:40:00,67.7,94.9,69.1,66.2,point
2023-06-28 13:50:00,67.4,93.0,68.5,65.3,point
2023-06-28 14:00:00,67.4,92.6,68.5,65.1,point
2023-06-28 14:10:00,67.3,92.0,68.5,64.9,point
2023-06-28 14:20:00,67.1,90.5,68.2,64.2,point
2023-06-28 14:30:00,66.8,89.2,67.5,63.5,point
2023-06-28 14:40:00,66.6,88.3,67.3,63.0,point
2023-06-28 14:50:00,66.5,88.5,67.1,63.0,point
2023-06-28 15:00:00,66.7,88.4,67.3,63.1,point
2023-06-28 15:10:00,66.7,87.7,67.1,62.9,point
2023-06-28 15:20:00,66.6,87.8,67.1,62.8,point
2023-06-28 15:30:00,66.5,87.9,66.9,62.9,point
2023-06-28 15:40:00,66.7,86.8,67.1,62.7,point
2023-06-28 15:50:00,66.4,86.2,66.7,62.2,point
2023-06-28 16:00:00,66.2,86.2,66.4,61.9,point
2023-06-28 16:10:00,65.9,85.8,66.2,61.6,point
2023-06-28 16:20:00,65.7,85.7,65.8,61.3,point
2023-06-28 16:30:00,65.9,86.3,66.4,61.7,point
2023-06-28 16:40:00,65.6,85.8,65.7,61.2,point
2023-06-28 16:50:00,65.7,86.0,65.8,61.4,point
2023-06-28 17:00:00,65.5,85.8,65.7,61.2,point
2023-06-28 17:10:00,65.4,85.8,65.5,61.1,point
2023-06-28 17:20:00,65.2,85.7,65.3,60.8,point
2023-06-28 17:30:00,65.2,86.5,65.5,61.1,point
2023-06-28 17:40:00,65.0,86.3,65.3,60.8,point
2023-06-28 17:50:00,65.0,86.6,65.3,60.9,point
2023-06-28 18:00:00,64.7,87.0,64.8,60.8,point
2023-06-28 18:10:00,64.7,87.6,64.8,60.9,point
2023-06-28 18:20:00,64.8,87.4,64.9,60.9,point
2023-06-28 18:30:00,65.0,87.3,65.3,61.1,point
2023-06-28 18:40:00,64.7,87.8,64.8,61.0,point
2023-06-28 18:50:00,64.5,87.8,64.6,60.8,point
2023-06-28 19:00:00,64.7,88.5,64.9,61.2,point
2023-06-28 19:10:00,64.6,88.4,64.9,61.1,point
2023-06-28 19:20:00,64.6,88.9,64.9,61.3,point
2023-06-28 19:30:00,64.6,89.2,64.9,61.4,point
2023-06-28 19:40:00,64.4,89.5,64.8,61.2,point
2023-06-28 19:50:00,64.5,90.0,64.9,61.4,point
2023-06-28 20:00:00,64.4,90.2,64.8,61.4,point
2023-06-28 20:10:00,64.1,90.4,64.6,61.2,point
2023-06-28 20:20:00,63.8,91.0,64.2,61.1,point
2023-06-28 20:30:00,63.6,91.2,64.0,61.0,point
2023-06-28 20:40:00,63.5,91.7,63.9,61.0,point
2023-06-28 20:50:00,63.5,91.8,64.0,61.1,point
2023-06-28 21:00:00,63.4,91.7,63.9,60.9,point
2023-06-28 21:10:00,63.5,91.7,64.0,61.1,point
2023-06-28 21:20:00,63.7,92.1,64.2,61.3,point
2023-06-28 21:30:00,63.6,92.4,64.2,61.3,point
2023-06-28 21:40:00,63.1,94.2,63.9,61.4,point
2023-06-28 21:50:00,62.8,96.1,63.9,61.7,point
2023-06-28 22:00:00,62.5,97.4,63.5,61.8,point
2023-06-28 22:10:00,62.5,98.2,63.7,62.0,point
2023-06-28 22:20:00,62.5,98.7,63.7,62.1,point
2023-06-28 22:30:00,62.4,98.9,63.5,62.1,point
2023-06-28 22:40:00,62.3,99.3,63.5,62.1,point
2023-06-28 22:50:00,62.3,99.6,63.7,62.1,point
2023-06-28 23:00:00,62.2,99.7,63.5,62.1,point
2023-06-28 23:10:00,62.3,100.0,63.7,62.3,point
2023-06-28 23:20:00,62.3,100.0,63.7,62.2,point
2023-06-28 23:30:00,62.2,100.0,63.5,62.2,point
2023-06-28 23:40:00,62.2,100.0,63.5,62.2,point
2023-06-28 23:50:00,62.4,100.0,63.7,62.4,point
2023-06-29 00:00:00,62.4,100.0,63.7,62.4,point
2023-06-29 00:10:00,62.5,100.0,63.9,62.5,point
2023-06-29 00:20:00,62.4,100.0,63.7,62.4,point
2023-06-29 00:30:00,62.4,100.0,63.7,62.4,point
2023-06-29 00:40:00,62.4,100.0,63.7,62.4,point
2023-06-29 00:50:00,62.5,100.0,63.9,62.5,point
2023-06-29 01:00:00,62.4,100.0,63.7,62.4,point
2023-06-29 01:10:00,62.4,100.0,63.7,62.4,point
2023-06-29 01:20:00,62.4,100.0,63.7,62.4,point
2023-06-29 01:30:00,62.3,100.0,63.7,62.3,point
2023-06-29 01:40:00,62.5,100.0,63.9,62.5,point
2023-06-29 01:50:00,62.4,100.0,63.7,62.4,point
2023-06-29 02:00:00,62.4,100.0,63.7,62.4,point
2023-06-29 02:10:00,62.2,100.0,63.5,62.2,point
2023-06-29 02:20:00,62.2,100.0,63.5,62.2,point
2023-06-29 02:30:00,62.4,100.0,63.7,62.4,point
2023-06-29 02:40:00,62.2,100.0,63.5,62.2,point
2023-06-29 02:50:00,62.1,100.0,63.5,62.1,point
2023-06-29 03:00:00,62.3,100.0,63.7,62.3,point
2023-06-29 03:10:00,62.3,100.0,63.7,62.3,point
2023-06-29 03:20:00,62.3,100.0,63.7,62.3,point
2023-06-29 03:30:00,62.3,100.0,63.7,62.3,point
2023-06-29 03:40:00,62.4,100.0,63.7,62.4,point
2023-06-29 03:50:00,62.4,100.0,63.7,62.4,point
2023-06-29 04:00:00,62.4,100.0,63.7,62.4,point
2023-06-29 04:10:00,62.4,100.0,63.9,62.4,point
2023-06-29 04:20:00,62.5,100.0,63.9,62.5,point
2023-06-29 04:30:00,62.4,100.0,63.7,62.4,point
2023-06-29 04:40:00,62.4,100.0,63.7,62.4,point
2023-06-29 04:50:00,62.4,100.0,63.7,62.4,point
2023-06-29 05:00:00,62.3,100.0,63.7,62.3,point
2023-06-29 05:10:00,62.3,100.0,63.7,62.3,point
2023-06-29 05:20:00,62.3,100.0,63.7,62.3,point
2023-06-29 05:30:00,62.4,100.0,63.7,62.4,point
2023-06-29 05:40:00,62.5,100.0,63.9,62.5,point
2023-06-29 05:50:00,62.5,100.0,63.9,62.5,point
2023-06-29 06:00:00,62.6,100.0,64.0,62.6,point
2023-06-29 06:10:00,62.8,100.0,64.0,62.8,point
2023-06-29 06:20:00,62.8,100.0,64.2,62.8,point
2023-06-29 06:30:00,62.8,100.0,64.2,62.8,point
2023-06-29 06:40:00,62.9,100.0,64.2,62.9,point
2023-06-29 06:50:00,63.1,100.0,64.4,63.1,point
2023-06-29 07:00:00,63.2,100.0,64.6,63.2,point
2023-06-29 07:10:00,63.2,100.0,64.6,63.2,point
2023-06-29 07:20:00,63.2,100.0,64.6,63.2,point
2023-06-29 07:30:00,63.4,100.0,64.8,63.4,point
2023-06-29 07:40:00,63.5,100.0,64.9,63.5,point
2023-06-29 07:50:00,63.6,100.0,64.9,63.6,point
2023-06-29 08:00:00,63.9,100.0,65.3,63.9,point
2023-06-29 08:10:00,63.8,100.0,65.1,63.8,point
2023-06-29 08:20:00,64.0,100.0,65.3,64.0,point
2023-06-29 08:30:00,64.1,100.0,65.5,64.1,point
2023-06-29 08:40:00,64.1,100.0,65.5,64.1,point
2023-06-29 08:50:00,64.3,100.0,65.7,64.3,point
2023-06-29 09:00:00,64.3,100.0,65.7,64.3,point
2023-06-29 09:10:00,64.4,100.0,65.7,64.4,point
2023-06-29 09:20:00,64.6,100.0,66.0,64.6,point
2023-06-29 09:30:00,64.7,100.0,66.0,64.7,point
2023-06-29 09:40:00,64.8,100.0,66.2,64.8,point
2023-06-29 09:50:00,64.9,100.0,66.2,64.9,point
2023-06-29 10:00:00,64.9,100.0,66.6,64.9,point
2023-06-29 10:10:00,64.8,100.0,66.2,64.8,point
2023-06-29 10:20:00,65.3,100.0,66.9,65.3,point
2023-06-29 10:30:00,65.3,100.0,66.9,65.3,point
2023-06-29 10:40:00,65.5,100.0,67.1,65.5,point
2023-06-29 10:50:00,65.6,100.0,67.1,65.6,point
2023-06-29 11:00:00,65.7,100.0,67.3,65.7,point
2023-06-29 11:10:00,65.9,100.0,67.5,65.9,point
2023-06-29 11:20:00,66.1,100.0,67.6,66.0,point
2023-06-29 11:30:00,66.1,100.0,67.6,66.1,point
2023-06-29 11:40:00,66.3,100.0,67.8,66.3,point
2023-06-29 11:50:00,66.3,100.0,67.8,66.3,point
2023-06-29 12:00:00,66.7,100.0,68.2,66.7,point
2023-06-29 12:10:00,66.6,100.0,68.2,66.6,point
2023-06-29 12:20:00,66.9,100.0,68.7,66.9,point
2023-06-29 12:30:00,66.8,100.0,68.4,66.8,point
2023-06-29 12:40:00,66.8,100.0,68.4,66.8,point
2023-06-29 12:50:00,67.1,99.8,68.9,67.0,point
2023-06-29 13:00:00,67.4,98.6,68.9,66.9,point
2023-06-29 13:10:00,67.2,98.9,68.7,66.9,point
2023-06-29 13:20:00,67.6,96.6,68.9,66.6,point
2023-06-29 13:30:00,68.1,93.8,69.4,66.3,point
2023-06-29 13:40:00,68.3,93.1,69.4,66.3,point
2023-06-29 13:50:00,68.8,91.4,70.0,66.1,point
2023-06-29 14:00:00,68.6,91.6,69.8,66.1,point
2023-06-29 14:10:00,68.6,92.2,70.0,66.3,point
2023-06-29 14:20:00,69.2,90.8,70.5,66.4,point
2023-06-29 14:30:00,69.9,88.4,71.2,66.3,point
2023-06-29 14:40:00,70.8,88.1,72.3,67.0,point
2023-06-29 14:50:00,71.3,87.8,72.9,67.5,point
2023-06-29 15:00:00,71.0,86.2,72.3,66.7,point
2023-06-29 15:10:00,71.0,85.8,72.3,66.5,point
2023-06-29 15:20:00,71.7,83.4,73.2,66.4,point
2023-06-29 15:30:00,72.0,82.5,73.4,66.3,point
2023-06-29 15:40:00,71.9,80.5,73.2,65.5,point
2023-06-29 15:50:00,72.1,79.4,73.6,65.4,point
2023-06-29 16:00:00,72.3,80.5,73.6,65.9,point
2023-06-29 16:10:00,72.7,79.4,74.3,65.9,point
2023-06-29 16:20:00,73.4,77.2,74.7,65.8,point
2023-06-29 16:30:00,73.6,75.4,75.0,65.3,point
2023-06-29 16:40:00,74.1,77.1,75.4,66.4,point
2023-06-29 16:50:00,74.8,76.0,76.1,66.8,point
2023-06-29 17:00:00,74.9,77.0,76.5,67.2,point
2023-06-29 17:10:00,74.4,77.3,75.9,66.9,point
2023-06-29 17:20:00,73.8,78.6,75.4,66.8,point
2023-06-29 17:30:00,73.5,78.8,75.0,66.6,point
2023-06-29 17:40:00,73.3,77.8,74.7,65.9,point
2023-06-29 17:50:00,73.3,78.9,74.8,66.4,point
2023-06-29 18:00:00,73.5,78.1,74.8,66.2,point
2023-06-29 18:10:00,73.5,78.0,74.8,66.2,point
2023-06-29 18:20:00,73.3,79.2,74.8,66.5,point
2023-06-29 18:30:00,73.2,79.1,74.7,66.3,point
2023-06-29 18:40:00,73.0,78.7,74.3,66.0,point
2023-06-29 18:50:00,73.1,79.1,74.7,66.2,point
2023-06-29 19:00:00,73.1,77.9,74.5,65.8,point
2023-06-29 19:10:00,73.1,77.2,74.5,65.6,point
2023-06-29 19:20:00,72.9,77.6,74.1,65.5,point
2023-06-29 19:30:00,72.8,77.2,73.9,65.2,point
2023-06-29 19:40:00,72.5,77.7,73.8,65.1,point
2023-06-29 19:50:00,72.5,77.1,73.6,64.9,point
2023-06-29 20:00:00,72.3,76.4,73.4,64.4,point
2023-06-29 20:10:00,72.1,77.6,73.2,64.7,point
2023-06-29 20:20:00,72.0,78.8,73.4,65.0,point
2023-06-29 20:30:00,71.8,79.7,73.2,65.2,point
2023-06-29 20:40:00,71.6,80.0,72.7,65.0,point
2023-06-29 20:50:00,71.7,80.5,73.0,65.4,point
2023-06-29 21:00:00,71.5,82.2,72.9,65.8,point
2023-06-29 21:10:00,71.6,83.6,73.0,66.3,point
2023-06-29 21:20:00,71.4,85.0,72.7,66.7,point
2023-06-29 21:30:00,71.2,86.2,72.5,66.8,point
2023-06-29 21:40:00,71.0,87.2,72.5,67.0,point
2023-06-29 21:50:00,70.9,87.1,72.5,66.9,point
2023-06-29 22:00:00,70.9,87.0,72.5,66.8,point
2023-06-29 22:10:00,70.7,87.4,72.3,66.8,point
2023-06-29 22:20:00,70.3,87.8,71.6,66.5,point
2023-06-29 22:30:00,70.2,87.3,71.6,66.3,point
2023-06-29 22:40:00,70.3,86.6,71.6,66.1,point
2023-06-29 22:50:00,70.2,85.8,71.4,65.8,point
2023-06-29 23:00:00,70.2,85.3,71.4,65.5,point
2023-06-29 23:10:00,70.0,85.0,71.2,65.3,point
2023-06-29 23:20:00,70.2,84.9,71.4,65.4,point
2023-06-29 23:30:00,70.0,85.2,71.2,65.4,point
2023-06-29 23:40:00,69.8,86.2,70.7,65.4,point
2023-06-29 23:50:00,69.5,86.3,70.5,65.2,point
2023-06-30 00:00:00,69.3,86.9,70.5,65.3,point
2023-06-30 00:10:00,69.1,88.0,70.0,65.4,point
2023-06-30 00:20:00,68.7,87.9,69.8,65.0,point
2023-06-30 00:30:00,68.6,89.0,69.6,65.3,point
2023-06-30 00:40:00,68.6,89.5,69.6,65.4,point
2023-06-30 00:50:00,68.8,88.8,69.8,65.3,point
2023-06-30 01:00:00,68.8,89.2,69.8,65.4,point
2023-06-30 01:10:00,68.6,89.6,69.6,65.5,point
2023-06-30 01:20:00,68.4,90.0,69.6,65.4,point
2023-06-30 01:30:00,68.2,90.6,69.4,65.3,point
2023-06-30 01:40:00,67.9,91.6,69.1,65.3,point
2023-06-30 01:50:00,67.6,92.2,68.7,65.3,point
2023-06-30 02:00:00,67.7,92.6,68.9,65.5,point
2023-06-30 02:10:00,67.6,92.6,68.7,65.4,point
2023-06-30 02:20:00,67.6,92.9,68.7,65.5,point
2023-06-30 02:30:00,67.7,92.3,68.9,65.4,point
2023-06-30 02:40:00,67.5,92.9,68.7,65.4,point
2023-06-30 02:50:00,67.3,92.7,68.5,65.1,point
2023-06-30 03:00:00,67.0,92.8,68.0,64.9,point
2023-06-30 03:10:00,66.8,93.0,67.8,64.7,point
2023-06-30 03:20:00,66.5,93.3,67.5,64.6,point
2023-06-30 03:30:00,66.3,93.5,67.3,64.4,point
2023-06-30 03:40:00,66.6,93.0,67.6,64.5,point
2023-06-30 03:50:00,66.5,92.6,67.5,64.3,point
2023-06-30 04:00:00,66.5,92.2,67.5,64.2,point
2023-06-30 04:10:00,66.3,92.1,67.3,64.0,point
2023-06-30 04:20:00,66.1,91.8,66.9,63.6,point
2023-06-30 04:30:00,66.0,91.5,66.6,63.4,point
2023-06-30 04:40:00,65.9,90.5,66.6,63.1,point
2023-06-30 04:50:00,65.9,90.0,66.4,62.9,point
2023-06-30 05:00:00,65.7,89.8,66.2,62.6,point
2023-06-30 05:10:00,65.4,90.3,66.0,62.4,point
2023-06-30 05:20:00,65.3,90.2,65.8,62.3,point
2023-06-30 05:30:00,65.1,90.7,65.7,62.3,point
2023-06-30 05:40:00,64.8,91.4,65.3,62.2,point
2023-06-30 05:50:00,64.6,92.0,65.3,62.2,point
2023-06-30 06:00:00,64.5,92.6,65.1,62.3,point
2023-06-30 06:10:00,64.4,92.7,65.1,62.2,point
2023-06-30 06:20:00,64.4,93.2,64.9,62.3,point
2023-06-30 06:30:00,64.5,92.8,65.1,62.4,point
2023-06-30 06:40:00,64.7,92.6,65.3,62.5,point
2023-06-30 06:50:00,65.2,92.7,66.0,63.0,point
2023-06-30 07:00:00,65.7,91.1,66.4,63.0,point
2023-06-30 07:10:00,66.0,90.7,66.6,63.2,point
2023-06-30 07:20:00,66.5,89.5,67.1,63.3,point
2023-06-30 07:30:00,66.9,88.9,67.5,63.5,point
2023-06-30 07:40:00,67.2,87.8,67.8,63.5,point
2023-06-30 07:50:00,67.4,87.3,68.0,63.5,point
2023-06-30 08:00:00,67.8,86.8,68.5,63.7,point
2023-06-30 08:10:00,68.3,85.5,68.9,63.8,point
2023-06-30 08:20:00,68.7,85.2,69.4,64.0,point
2023-06-30 08:30:00,68.9,83.7,69.6,63.7,point
2023-06-30 08:40:00,69.5,82.0,70.3,63.8,point
2023-06-30 08:50:00,70.0,82.5,71.1,64.4,point
2023-06-30 09:00:00,70.6,80.4,71.6,64.2,point
2023-06-30 09:10:00,71.0,78.1,72.0,63.8,point
2023-06-30 09:20:00,71.2,76.1,72.1,63.3,point
2023-06-30 09:30:00,71.5,75.1,72.5,63.2,point
2023-06-30 09:40:00,72.1,75.2,73.0,63.8,point
2023-06-30 09:50:00,72.4,73.0,73.2,63.3,point
2023-06-30 10:00:00,73.0,71.4,73.8,63.2,point
2023-06-30 10:10:00,73.2,72.2,74.3,63.8,point
2023-06-30 10:20:00,73.8,72.6,74.8,64.5,point
2023-06-30 10:30:00,75.0,66.1,75.4,62.9,point
2023-06-30 10:40:00,75.6,69.1,76.5,64.7,point
2023-06-30 10:50:00,75.7,67.8,76.3,64.3,point
2023-06-30 11:00:00,76.5,67.8,77.4,65.1,point
2023-06-30 11:10:00,76.9,67.7,77.9,65.4,point
2023-06-30 11:20:00,77.3,68.0,78.4,65.9,point
2023-06-30 11:30:00,77.2,64.2,77.5,64.1,point
2023-06-30 11:40:00,77.2,64.0,77.9,64.1,point
2023-06-30 11:50:00,77.5,63.0,78.1,63.9,point
2023-06-30 12:00:00,77.8,58.9,78.1,62.3,point
2023-06-30 12:10:00,78.1,58.1,78.4,62.2,point
2023-06-30 12:20:00,78.5,56.2,78.6,61.6,point
2023-06-30 12:30:00,79.4,52.2,79.3,60.4,point
2023-06-30 12:40:00,79.5,52.3,79.5,60.5,point
2023-06-30 12:50:00,79.6,53.6,79.9,61.3,point
2023-06-30 13:00:00,79.6,54.1,79.9,61.6,point
2023-06-30 13:10:00,79.6,53.0,79.7,61.0,point
2023-06-30 13:20:00,79.6,55.0,79.9,62.0,point
2023-06-30 13:30:00,80.1,56.1,81.0,63.0,point
2023-06-30 13:40:00,80.8,55.9,81.9,63.6,point
2023-06-30 13:50:00,80.8,52.3,81.3,61.8,point
2023-06-30 14:00:00,80.4,54.4,81.0,62.5,point
2023-06-30 14:10:00,80.4,54.7,81.1,62.6,point
2023-06-30 14:20:00,80.3,54.4,81.0,62.3,point
2023-06-30 14:30:00,80.7,54.5,81.5,62.8,point
2023-06-30 14:40:00,81.2,52.0,81.7,61.9,point
2023-06-30 14:50:00,81.1,53.8,81.9,62.8,point
2023-06-30 15:00:00,80.8,52.8,81.5,62.0,point
2023-06-30 15:10:00,80.9,53.0,81.5,62.2,point
2023-06-30 15:20:00,80.8,55.6,81.9,63.4,point
2023-06-30 15:30:00,80.4,55.2,81.1,62.9,point
2023-06-30 15:40:00,80.0,56.3,80.8,63.0,point
2023-06-30 15:50:00,80.1,55.1,81.0,62.5,point
2023-06-30 16:00:00,80.2,54.1,80.6,62.1,point
2023-06-30 16:10:00,80.2,55.7,81.0,62.9,point
2023-06-30 16:20:00,79.8,56.2,80.4,62.8,point
2023-06-30 16:30:00,79.9,56.7,81.0,63.2,point
2023-06-30 16:40:00,80.6,56.0,81.9,63.5,point
2023-06-30 16:50:00,80.6,55.4,81.3,63.1,point
2023-06-30 17:00:00,80.0,55.6,80.6,62.7,point
2023-06-30 17:10:00,80.0,55.1,80.6,62.5,point
2023-06-30 17:20:00,80.0,54.3,80.4,62.0,point
2023-06-30 17:30:00,79.9,54.4,80.4,62.0,point
2023-06-30 17:40:00,80.0,53.2,80.2,61.4,point
2023-06-30 17:50:00,79.8,55.8,80.4,62.6,point
2023-06-30 18:00:00,79.0,58.6,79.9,63.3,point
2023-06-30 18:10:00,78.6,59.0,79.3,63.1,point
2023-06-30 18:20:00,78.4,61.0,79.2,63.8,point
2023-06-30 18:30:00,78.0,62.0,78.8,63.9,point
2023-06-30 18:40:00,78.0,61.0,78.6,63.4,point
2023-06-30 18:50:00,77.9,61.5,78.6,63.6,point
2023-06-30 19:00:00,78.0,62.0,78.8,63.9,point
2023-06-30 19:10:00,77.9,62.7,78.8,64.2,point
2023-06-30 19:20:00,77.9,62.5,78.8,64.1,point
2023-06-30 19:30:00,78.0,61.9,78.8,63.9,point
2023-06-30 19:40:00,78.0,62.6,78.8,64.2,point
2023-06-30 19:50:00,77.8,62.7,78.4,64.1,point
2023-06-30 20:00:00,77.6,64.2,78.4,64.5,point
2023-06-30 20:10:00,77.3,64.7,78.1,64.5,point
2023-06-30 20:20:00,76.8,66.2,77.7,64.7,point
2023-06-30 20:30:00,76.5,67.6,77.4,65.0,point
2023-06-30 20:40:00,76.1,68.9,76.6,65.1,point
2023-06-30 20:50:00,75.7,69.5,76.5,65.0,point
2023-06-30 21:00:00,75.4,70.5,76.3,65.1,point
2023-06-30 21:10:00,75.0,71.3,75.9,65.1,point
2023-06-30 21:20:00,74.7,72.3,75.9,65.2,point
2023-06-30 21:30:00,74.7,72.2,75.9,65.1,point
2023-06-30 21:40:00,74.6,73.0,75.6,65.3,point
2023-06-30 21:50:00,74.5,73.9,75.7,65.7,point
2023-06-30 22:00:00,74.5,74.4,75.7,65.8,point
2023-06-30 22:10:00,74.3,75.2,75.6,65.9,point
2023-06-30 22:20:00,74.4,75.5,75.7,66.1,point
2023-06-30 22:30:00,74.1,76.6,75.4,66.3,point
2023-06-30 22:40:00,73.8,77.2,75.2,66.2,point
2023-06-30 22:50:00,73.6,78.1,75.2,66.3,point
2023-06-30 23:00:00,73.3,79.4,74.8,66.6,point
2023-06-30 23:10:00,73.5,79.5,75.0,66.8,point
2023-06-30 23:20:00,73.5,80.1,75.0,66.9,point
2023-06-30 23:30:00,73.4,81.0,75.0,67.2,point
2023-06-30 23:40:00,73.3,81.5,75.0,67.3,point
2023-06-30 23:50:00,73.1,82.0,74.8,67.3,point
2023-07-01 00:00:00,73.0,82.6,74.7,67.4,point
2023-07-01 00:10:00,73.0,83.1,74.7,67.6,point
2023-07-01 00:20:00,73.0,83.6,74.8,67.7,point
2023-07-01 00:30:00,72.9,83.9,74.8,67.7,point
2023-07-01 00:40:00,72.8,83.2,74.5,67.4,point
2023-07-01 00:50:00,72.8,81.8,74.3,66.8,point
2023-07-01 01:00:00,73.0,79.6,74.5,66.3,point
2023-07-01 01:10:00,73.3,76.0,74.5,65.3,point
2023-07-01 01:20:00,73.5,75.1,74.7,65.1,point
2023-07-01 01:30:00,73.3,74.7,74.3,64.8,point
2023-07-01 01:40:00,73.3,75.2,74.5,65.0,point
2023-07-01 01:50:00,73.1,75.7,74.3,65.0,point
2023-07-01 02:00:00,72.9,76.1,74.1,64.9,point
2023-07-01 02:10:00,72.6,76.5,73.8,64.8,point
2023-07-01 02:20:00,72.3,77.2,73.6,64.8,point
2023-07-01 02:30:00,71.9,77.1,72.9,64.3,point
2023-07-01 02:40:00,72.0,76.5,73.2,64.2,point
2023-07-01 02:50:00,72.0,75.9,73.0,64.0,point
2023-07-01 03:00:00,71.7,75.9,72.7,63.7,point
2023-07-01 03:10:00,71.6,75.9,72.5,63.6,point
2023-07-01 03:20:00,71.4,76.2,72.3,63.5,point
2023-07-01 03:30:00,71.2,75.8,72.1,63.1,point
2023-07-01 03:40:00,71.4,75.2,72.3,63.1,point
2023-07-01 03:50:00,71.3,75.1,72.3,63.0,point
2023-07-01 04:00:00,71.1,75.3,72.1,62.9,point
2023-07-01 04:10:00,70.9,75.5,72.0,62.8,point
2023-07-01 04:20:00,70.7,76.2,71.4,62.8,point
2023-07-01 04:30:00,70.4,76.5,71.2,62.7,point
2023-07-01 04:40:00,70.4,77.0,71.2,62.9,point
2023-07-01 04:50:00,70.2,77.6,71.1,62.9,point
2023-07-01 05:00:00,70.1,77.9,70.7,62.9,point
2023-07-01 05:10:00,70.1,78.0,70.7,62.9,point
2023-07-01 05:20:00,70.1,78.7,70.7,63.1,point
2023-07-01 05:30:00,69.9,78.9,70.7,63.0,point
2023-07-01 05:40:00,69.8,78.2,70.5,62.7,point
2023-07-01 05:50:00,69.8,77.7,70.5,62.5,point
2023-07-01 06:00:00,70.1,74.8,70.5,61.8,point
2023-07-01 06:10:00,70.8,72.7,71.6,61.6,point
2023-07-01 06:20:00,71.2,71.7,71.8,61.6,point
2023-07-01 06:30:00,71.3,70.7,72.0,61.3,point
2023-07-01 06:40:00,71.3,70.8,72.0,61.4,point
2023-07-01 06:50:00,71.2,71.1,71.8,61.3,point
2023-07-01 07:00:00,71.0,71.7,71.6,61.4,point
2023-07-01 07:10:00,71.2,72.2,72.0,61.8,point
2023-07-01 07:20:00,71.8,71.0,72.5,61.9,point
2023-07-01 07:30:00,72.4,70.2,73.0,62.2,point
2023-07-01 07:40:00,72.8,68.9,73.2,62.0,point
2023-07-01 07:50:00,73.1,67.9,73.6,61.9,point
2023-07-01 08:00:00,73.2,68.1,73.6,62.0,point
2023-07-01 08:10:00,73.7,67.8,74.3,62.4,point
2023-07-01 08:20:00,74.2,65.9,74.5,62.1,point
2023-07-01 08:30:00,74.9,67.9,75.6,63.6,point
2023-07-01 08:40:00,75.0,67.8,75.6,63.6,point
2023-07-01 08:50:00,74.7,68.2,75.4,63.5,point
2023-07-01 09:00:00,74.3,68.9,74.8,63.4,point
2023-07-01 09:10:00,74.2,69.3,75.0,63.5,point
2023-07-01 09:20:00,74.1,69.9,74.8,63.6,point
2023-07-01 09:30:00,74.1,71.0,74.8,64.1,point
2023-07-01 09:40:00,74.2,70.2,75.0,63.9,point
2023-07-01 09:50:00,74.5,71.3,75.4,64.6,point
2023-07-01 10:00:00,74.9,70.7,75.9,64.7,point
2023-07-01 10:10:00,74.8,71.2,75.7,64.8,point
2023-07-01 10:20:00,74.6,71.6,75.4,64.8,point
2023-07-01 10:30:00,74.4,72.6,75.4,65.0,point
2023-07-01 10:40:00,73.9,74.4,75.0,65.2,point
2023-07-01 10:50:00,73.5,75.8,74.7,65.4,point
2023-07-01 11:00:00,73.4,76.1,74.7,65.4,point
2023-07-01 11:10:00,73.1,79.6,74.7,66.4,point
2023-07-01 11:20:00,72.1,82.7,73.6,66.6,point
2023-07-01 11:30:00,71.7,85.5,73.2,67.1,point
2023-07-01 11:40:00,71.4,88.1,72.9,67.7,point
2023-07-01 11:50:00,71.1,89.2,72.7,67.8,point
2023-07-01 12:00:00,70.7,90.1,72.5,67.7,point
2023-07-01 12:10:00,70.4,91.2,72.0,67.7,point
2023-07-01 12:20:00,70.3,92.7,71.8,68.1,point
2023-07-01 12:30:00,70.8,93.4,72.5,68.8,point
2023-07-01 12:40:00,71.7,91.9,73.6,69.2,point
2023-07-01 12:50:00,72.3,89.0,74.1,68.9,point
2023-07-01 13:00:00,72.6,88.4,74.7,68.9,point
2023-07-01 13:10:00,72.4,91.3,74.7,69.7,point
2023-07-01 13:20:00,72.6,90.6,74.8,69.7,point
2023-07-01 13:30:00,73.4,86.2,75.4,69.0,point
2023-07-01 13:40:00,75.3,84.0,77.7,70.1,point
2023-07-01 13:50:00,75.4,81.1,77.5,69.2,point
2023-07-01 14:00:00,74.6,82.0,76.6,68.7,point
2023-07-01 14:10:00,74.0,83.0,75.9,68.5,point
2023-07-01 14:20:00,72.9,83.7,74.8,67.6,point
2023-07-01 14:30:00,72.4,86.3,74.1,68.1,point
2023-07-01 14:40:00,72.1,87.7,74.1,68.3,point
2023-07-01 14:50:00,72.8,87.1,74.8,68.7,point
2023-07-01 15:00:00,73.6,84.8,75.7,68.7,point
2023-07-01 15:10:00,73.5,83.4,75.4,68.1,point
2023-07-01 15:20:00,73.3,83.4,75.2,68.0,point
2023-07-01 15:30:00,73.6,82.3,75.6,67.8,point
2023-07-01 15:40:00,73.8,81.6,75.6,67.7,point
2023-07-01 15:50:00,73.5,81.2,75.2,67.4,point
2023-07-01 16:00:00,73.5,81.7,75.2,67.6,point
2023-07-01 16:10:00,73.4,81.7,75.2,67.5,point
2023-07-01 16:20:00,73.5,82.7,75.4,67.9,point
2023-07-01 16:30:00,73.9,83.1,75.7,68.4,point
2023-07-01 16:40:00,73.9,82.3,75.7,68.1,point
2023-07-01 16:50:00,73.6,82.6,75.6,67.9,point
2023-07-01 17:00:00,73.6,83.2,75.7,68.2,point
2023-07-01 17:10:00,73.4,83.3,75.4,68.1,point
2023-07-01 17:20:00,73.3,83.6,75.2,68.0,point
2023-07-01 17:30:00,73.1,84.3,75.0,68.1,point
2023-07-01 17:40:00,73.1,89.8,75.4,69.9,point
2023-07-01 17:50:00,71.9,91.7,73.9,69.3,point
2023-07-01 18:00:00,71.3,94.2,73.4,69.5,point
2023-07-01 18:10:00,70.9,95.8,72.9,69.6,point
2023-07-01 18:20:00,70.8,97.5,72.7,70.0,point
2023-07-01 18:30:00,70.6,97.5,72.3,69.9,point
2023-07-01 18:40:00,70.4,97.8,72.3,69.8,point
2023-07-01 18:50:00,70.4,98.2,72.3,69.9,point
2023-07-01 19:00:00,70.5,98.6,72.3,70.1,point
2023-07-01 19:10:00,70.5,99.3,72.3,70.3,point
2023-07-01 19:20:00,70.3,99.6,72.1,70.2,point
2023-07-01 19:30:00,70.2,99.8,72.1,70.2,point
2023-07-01 19:40:00,70.0,99.9,72.0,70.0,point
2023-07-01 19:50:00,70.0,100.0,72.0,70.0,point
2023-07-01 20:00:00,69.9,100.0,71.8,69.9,point
2023-07-01 20:10:00,69.9,100.0,71.8,69.9,point
2023-07-01 20:20:00,69.7,100.0,71.6,69.7,point
2023-07-01 20:30:00,69.7,100.0,71.6,69.6,point
2023-07-01 20:40:00,69.7,100.0,71.6,69.7,point
2023-07-01 20:50:00,69.3,100.0,71.2,69.3,point
2023-07-01 21:00:00,68.6,100.0,70.3,68.6,point
2023-07-01 21:10:00,68.5,100.0,70.2,68.5,point
2023-07-01 21:20:00,68.4,100.0,70.2,68.4,point
2023-07-01 21:30:00,68.3,100.0,70.0,68.3,point
2023-07-01 21:40:00,68.6,100.0,70.3,68.6,point
2023-07-01 21:50:00,68.7,100.0,70.3,68.7,point
2023-07-01 22:00:00,68.9,100.0,70.9,68.9,point
2023-07-01 22:10:00,69.0,100.0,70.9,69.0,point
2023-07-01 22:20:00,68.9,100.0,70.9,68.9,point
2023-07-01 22:30:00,68.7,100.0,70.3,68.7,point
2023-07-01 22:40:00,68.8,100.0,70.5,68.8,point
2023-07-01 22:50:00,68.5,100.0,70.2,68.5,point
2023-07-01 23:00:00,68.3,100.0,70.0,68.3,point
2023-07-01 23:10:00,68.0,99.8,69.8,67.9,point
2023-07-01 23:20:00,68.0,99.7,69.8,67.9,point
2023-07-01 23:30:00,67.9,100.0,69.6,67.9,point
2023-07-01 23:40:00,68.1,100.0,69.8,68.1,point
2023-07-01 23:50:00,68.1,100.0,69.8,68.1,point
2023-07-02 00:00:00,68.2,100.0,70.0,68.2,point
2023-07-02 00:10:00,68.2,100.0,70.0,68.2,point
2023-07-02 00:20:00,68.4,100.0,70.2,68.4,point
2023-07-02 00:30:00,68.3,100.0,70.0,68.3,point
2023-07-02 00:40:00,68.0,100.0,69.8,68.0,point
2023-07-02 00:50:00,68.2,100.0,70.0,68.2,point
2023-07-02 01:00:00,68.2,100.0,70.0,68.2,point
2023-07-02 01:10:00,68.3,100.0,70.0,68.3,point
2023-07-02 01:20:00,68.3,100.0,70.0,68.3,point
2023-07-02 01:30:00,68.4,100.0,70.2,68.4,point
2023-07-02 01:40:00,68.5,100.0,70.2,68.5,point
2023-07-02 01:50:00,68.5,100.0,70.2,68.5,point
2023-07-02 02:00:00,68.5,100.0,70.2,68.5,point
2023-07-02 02:10:00,68.5,100.0,70.2,68.5,point
2023-07-02 02:20:00,68.5,100.0,70.2,68.5,point
2023-07-02 02:30:00,68.6,100.0,70.3,68.6,point
2023-07-02 02:40:00,68.6,100.0,70.3,68.6,point
2023-07-02 02:50:00,68.5,100.0,70.2,68.5,point
2023-07-02 03:00:00,68.5,100.0,70.2,68.5,point
2023-07-02 03:10:00,68.5,100.0,70.2,68.5,point
2023-07-02 03:20:00,68.3,100.0,70.0,68.3,point
2023-07-02 03:30:00,68.2,100.0,70.0,68.2,point
2023-07-02 03:40:00,68.1,100.0,69.8,68.1,point
2023-07-02 03:50:00,68.2,100.0,70.0,68.2,point
2023-07-02 04:00:00,68.1,100.0,69.8,68.1,point
2023-07-02 04:10:00,68.1,100.0,69.8,68.1,point
2023-07-02 04:20:00,67.9,100.0,69.6,67.9,point
2023-07-02 04:30:00,67.9,100.0,69.6,67.9,point
2023-07-02 04:40:00,67.9,100.0,69.6,67.9,point
2023-07-02 04:50:00,68.0,100.0,69.8,68.0,point
2023-07-02 05:00:00,67.9,100.0,69.6,67.9,point
2023-07-02 05:10:00,67.9,100.0,69.6,67.9,point
2023-07-02 05:20:00,67.6,100.0,69.3,67.6,point
2023-07-02 05:30:00,67.9,100.0,69.6,67.9,point
2023-07-02 05:40:00,67.8,100.0,69.6,67.8,point
2023-07-02 05:50:00,67.9,100.0,69.6,67.9,point
2023-07-02 06:00:00,67.9,100.0,69.6,67.9,point
2023-07-02 06:10:00,67.8,100.0,69.6,67.8,point
2023-07-02 06:20:00,67.7,100.0,69.4,67.7,point
2023-07-02 06:30:00,67.9,100.0,69.6,67.9,point
2023-07-02 06:40:00,67.8,100.0,69.6,67.8,point
2023-07-02 06:50:00,67.9,100.0,69.6,67.9,point
2023-07-02 07:00:00,67.9,100.0,69.6,67.9,point
2023-07-02 07:10:00,68.2,99.8,70.0,68.1,point
2023-07-02 07:20:00,68.5,99.6,70.2,68.4,point
2023-07-02 07:30:00,68.4,99.0,70.2,68.1,point
2023-07-02 07:40:00,68.6,99.1,70.3,68.4,point
2023-07-02 07:50:00,68.8,98.8,70.5,68.4,point
2023-07-02 08:00:00,69.0,98.4,70.7,68.5,point
2023-07-02 08:10:00,69.4,97.6,71.2,68.7,point
2023-07-02 08:20:00,69.9,96.2,71.6,68.7,point
2023-07-02 08:30:00,70.1,95.2,71.8,68.6,point
2023-07-02 08:40:00,70.2,94.8,72.0,68.7,point
2023-07-02 08:50:00,70.4,95.8,72.1,69.1,point
2023-07-02 09:00:00,70.6,94.5,72.3,69.0,point
2023-07-02 09:10:00,70.9,92.8,72.7,68.7,point
2023-07-02 09:20:00,70.9,94.0,72.9,69.1,point
2023-07-02 09:30:00,71.2,93.1,72.9,69.0,point
2023-07-02 09:40:00,71.9,93.0,73.9,69.7,point
2023-07-02 09:50:00,72.4,92.2,74.7,70.0,point
2023-07-02 10:00:00,73.0,89.7,75.2,69.8,point
2023-07-02 10:10:00,73.3,87.8,75.6,69.5,point
2023-07-02 10:20:00,73.1,88.1,75.4,69.3,point
2023-07-02 10:30:00,72.9,88.7,75.2,69.3,point
2023-07-02 10:40:00,72.9,89.5,75.2,69.6,point
2023-07-02 10:50:00,73.4,88.9,75.6,69.9,point
2023-07-02 11:00:00,74.4,87.5,77.0,70.4,point
2023-07-02 11:10:00,74.9,85.8,77.4,70.3,point
2023-07-02 11:20:00,74.9,84.1,77.2,69.8,point
2023-07-02 11:30:00,75.4,84.5,77.9,70.4,point
2023-07-02 11:40:00,75.1,84.0,77.5,69.9,point
2023-07-02 11:50:00,75.6,85.3,78.3,70.8,point
2023-07-02 12:00:00,75.9,83.1,78.3,70.4,point
2023-07-02 12:10:00,75.9,82.7,78.3,70.2,point
2023-07-02 12:20:00,76.1,82.3,78.6,70.3,point
2023-07-02 12:30:00,76.5,79.9,78.8,69.8,point
2023-07-02 12:40:00,76.8,79.5,79.2,69.9,point
2023-07-02 12:50:00,77.0,77.1,79.3,69.3,point
2023-07-02 13:00:00,77.5,78.3,80.2,70.2,point
2023-07-02 13:10:00,77.4,78.2,80.2,70.1,point
2023-07-02 13:20:00,77.9,77.1,80.8,70.1,point
2023-07-02 13:30:00,78.6,75.6,82.2,70.3,point
2023-07-02 13:40:00,78.6,76.7,82.4,70.7,point
2023-07-02 13:50:00,78.5,75.5,81.9,70.1,point
2023-07-02 14:00:00,78.9,75.5,82.6,70.5,point
2023-07-02 14:10:00,78.0,74.1,80.6,69.0,point
2023-07-02 14:20:00,77.6,74.8,80.1,69.0,point
2023-07-02 14:30:00,76.8,74.4,78.3,68.0,point
2023-07-02 14:40:00,76.2,75.7,77.7,68.0,point
2023-07-02 14:50:00,76.1,77.0,77.9,68.4,point
2023-07-02 15:00:00,76.1,77.2,77.7,68.4,point
2023-07-02 15:10:00,75.8,76.9,77.5,68.1,point
2023-07-02 15:20:00,75.8,76.6,77.5,68.0,point
2023-07-02 15:30:00,76.2,74.3,77.5,67.4,point
2023-07-02 15:40:00,75.9,74.8,77.2,67.3,point
2023-07-02 15:50:00,76.2,74.3,77.5,67.4,point
2023-07-02 16:00:00,76.4,74.5,77.7,67.7,point
2023-07-02 16:10:00,76.4,74.0,77.7,67.5,point
2023-07-02 16:20:00,76.1,74.4,77.4,67.3,point
2023-07-02 16:30:00,75.7,75.5,77.2,67.4,point
2023-07-02 16:40:00,75.7,75.5,77.2,67.4,point
2023-07-02 16:50:00,75.4,75.5,77.0,67.2,point
2023-07-02 17:00:00,75.3,76.2,76.8,67.3,point
2023-07-02 17:10:00,75.3,77.0,76.8,67.6,point
2023-07-02 17:20:00,75.1,76.9,76.6,67.3,point
2023-07-02 17:30:00,74.8,77.5,76.3,67.3,point
2023-07-02 17:40:00,74.6,78.3,76.1,67.4,point
2023-07-02 17:50:00,74.4,79.6,76.1,67.6,point
2023-07-02 18:00:00,74.1,79.1,75.7,67.2,point
2023-07-02 18:10:00,74.0,79.0,75.6,67.0,point
2023-07-02 18:20:00,74.0,79.1,75.6,67.1,point
2023-07-02 18:30:00,73.7,79.5,75.4,66.9,point
2023-07-02 18:40:00,73.3,80.2,74.8,66.8,point
2023-07-02 18:50:00,73.2,81.2,75.0,67.1,point
2023-07-02 19:00:00,73.2,82.1,74.8,67.4,point
2023-07-02 19:10:00,73.0,82.0,74.7,67.2,point
2023-07-02 19:20:00,72.9,83.0,74.7,67.4,point
2023-07-02 19:30:00,72.7,82.6,74.5,67.1,point
2023-07-02 19:40:00,72.7,83.5,74.5,67.4,point
2023-07-02 19:50:00,72.6,83.7,74.3,67.4,point
2023-07-02 20:00:00,72.5,84.0,74.3,67.4,point
2023-07-02 20:10:00,72.4,84.5,74.1,67.5,point
2023-07-02 20:20:00,72.2,84.6,73.9,67.3,point
2023-07-02 20:30:00,72.1,85.2,73.6,67.4,point
2023-07-02 20:40:00,72.1,85.6,73.6,67.5,point
2023-07-02 20:50:00,72.0,85.7,73.6,67.5,point
2023-07-02 21:00:00,71.9,86.2,73.4,67.5,point
2023-07-02 21:10:00,71.7,86.2,73.2,67.4,point
2023-07-02 21:20:00,71.6,86.7,73.4,67.4,point
2023-07-02 21:30:00,71.6,87.1,73.2,67.5,point
2023-07-02 21:40:00,71.5,87.5,73.2,67.6,point
2023-07-02 21:50:00,71.5,87.7,73.2,67.7,point
2023-07-02 22:00:00,71.4,87.6,72.9,67.5,point
2023-07-02 22:10:00,71.3,87.9,72.9,67.6,point
2023-07-02 22:20:00,71.2,88.4,72.7,67.6,point
2023-07-02 22:30:00,70.9,89.2,72.5,67.5,point
2023-07-02 22:40:00,70.8,89.5,72.3,67.5,point
2023-07-02 22:50:00,70.6,90.0,72.0,67.6,point
2023-07-02 23:00:00,70.4,90.8,72.0,67.6,point
2023-07-02 23:10:00,70.4,90.9,72.0,67.6,point
2023-07-02 23:20:00,70.4,90.8,72.0,67.6,point
2023-07-02 23:30:00,70.4,90.6,72.0,67.5,point
2023-07-02 23:40:00,70.2,91.2,71.8,67.5,point
2023-07-02 23:50:00,70.1,91.4,71.6,67.4,point
2023-07-03 00:00:00,70.1,91.7,71.6,67.6,point
2023-07-03 00:10:00,70.0,92.1,71.6,67.6,point
2023-07-03 00:20:00,69.7,93.0,71.2,67.6,point
2023-07-03 00:30:00,69.4,93.8,70.9,67.6,point
2023-07-03 00:40:00,69.2,94.3,70.7,67.5,point
2023-07-03 00:50:00,69.0,94.8,70.5,67.4,point
2023-07-03 01:00:00,69.1,95.2,70.7,67.7,point
2023-07-03 01:10:00,69.3,95.2,70.9,67.9,point
2023-07-03 01:20:00,69.4,94.7,70.9,67.8,point
2023-07-03 01:30:00,69.6,94.2,71.4,67.9,point
2023-07-03 01:40:00,69.6,92.8,71.2,67.5,point
2023-07-03 01:50:00,69.8,92.1,71.2,67.4,point
2023-07-03 02:00:00,69.9,91.9,71.4,67.4,point
2023-07-03 02:10:00,69.8,92.0,71.4,67.4,point
2023-07-03 02:20:00,69.9,91.7,71.4,67.3,point
2023-07-03 02:30:00,69.8,91.4,71.1,67.2,point
2023-07-03 02:40:00,69.6,91.4,70.9,67.0,point
2023-07-03 02:50:00,69.3,91.6,70.7,66.8,point
2023-07-03 03:00:00,69.1,92.1,70.5,66.7,point
2023-07-03 03:10:00,68.8,93.2,70.2,66.7,point
2023-07-03 03:20:00,68.6,93.7,70.0,66.7,point
2023-07-03 03:30:00,68.3,94.5,69.6,66.6,point
2023-07-03 03:40:00,68.1,93.9,69.4,66.2,point
2023-07-03 03:50:00,67.9,94.4,69.3,66.2,point
2023-07-03 04:00:00,67.8,95.0,69.3,66.3,point
2023-07-03 04:10:00,67.8,95.7,69.1,66.5,point
2023-07-03 04:20:00,67.6,95.3,68.9,66.3,point
2023-07-03 04:30:00,67.6,95.7,68.9,66.3,point
2023-07-03 04:40:00,67.5,95.9,68.9,66.3,point
2023-07-03 04:50:00,67.3,96.2,68.7,66.2,point
2023-07-03 05:00:00,67.3,96.4,68.7,66.2,point
2023-07-03 05:10:00,67.1,96.6,68.5,66.1,point
2023-07-03 05:20:00,67.0,96.7,68.4,66.1,point
2023-07-03 05:30:00,67.0,97.0,68.4,66.2,point
2023-07-03 05:40:00,66.9,97.0,68.2,66.0,point
2023-07-03 05:50:00,67.0,97.1,68.4,66.2,point
2023-07-03 06:00:00,67.3,96.9,68.7,66.4,point
2023-07-03 06:10:00,67.5,96.0,68.9,66.3,point
2023-07-03 06:20:00,67.6,96.2,68.9,66.5,point
2023-07-03 06:30:00,67.8,96.0,69.1,66.6,point
2023-07-03 06:40:00,68.0,95.5,69.3,66.7,point
2023-07-03 06:50:00,68.2,95.2,69.6,66.8,point
2023-07-03 07:00:00,68.3,94.2,69.6,66.6,point
2023-07-03 07:10:00,68.6,93.2,70.0,66.6,point
2023-07-03 07:20:00,69.1,93.3,70.3,67.1,point
2023-07-03 07:30:00,69.6,92.2,70.9,67.2,point
2023-07-03 07:40:00,70.0,91.1,71.6,67.3,point
2023-07-03 07:50:00,70.5,89.5,72.0,67.3,point
2023-07-03 08:00:00,70.9,88.7,72.5,67.4,point
2023-07-03 08:10:00,71.4,88.2,72.9,67.7,point
2023-07-03 08:20:00,71.9,87.4,73.6,68.0,point
2023-07-03 08:30:00,72.5,86.4,74.3,68.2,point
2023-07-03 08:40:00,72.7,85.6,74.7,68.1,point
2023-07-03 08:50:00,72.8,85.1,74.7,68.0,point
2023-07-03 09:00:00,73.1,84.4,75.0,68.1,point
2023-07-03 09:10:00,73.5,82.4,75.2,67.8,point
2023-07-03 09:20:00,73.6,82.4,75.6,67.9,point
2023-07-03 09:30:00,73.9,80.9,75.6,67.7,point
2023-07-03 09:40:00,73.9,81.5,75.6,67.9,point
2023-07-03 09:50:00,74.1,81.0,75.7,67.9,point
2023-07-03 10:00:00,74.2,80.1,75.9,67.7,point
2023-07-03 10:10:00,74.2,79.5,75.9,67.5,point
2023-07-03 10:20:00,74.4,80.8,76.3,68.1,point
2023-07-03 10:30:00,74.7,79.5,76.6,67.9,point
2023-07-03 10:40:00,74.8,78.7,76.5,67.7,point
2023-07-03 10:50:00,75.0,79.7,76.8,68.3,point
2023-07-03 11:00:00,75.2,78.4,76.8,68.0,point
2023-07-03 11:10:00,75.5,77.8,77.2,68.1,point
2023-07-03 11:20:00,75.8,76.7,77.5,67.9,point
2023-07-03 11:30:00,75.7,76.5,77.4,67.8,point
2023-07-03 11:40:00,75.6,75.8,77.2,67.4,point
2023-07-03 11:50:00,76.0,75.9,77.5,67.9,point
2023-07-03 12:00:00,76.2,76.3,77.7,68.2,point
2023-07-03 12:10:00,76.6,75.7,78.3,68.3,point
2023-07-03 12:20:00,76.6,75.8,78.4,68.4,point
2023-07-03 12:30:00,76.6,74.7,78.1,68.0,point
2023-07-03 12:40:00,76.8,75.6,78.4,68.5,point
2023-07-03 12:50:00,77.8,74.4,80.4,69.0,point
2023-07-03 13:00:00,77.6,71.5,79.5,67.6,point
2023-07-03 13:10:00,77.5,70.3,79.0,67.1,point
2023-07-03 13:20:00,77.7,71.5,79.9,67.8,point
2023-07-03 13:30:00,78.2,71.6,80.6,68.2,point
2023-07-03 13:40:00,78.3,69.7,80.6,67.6,point
2023-07-03 13:50:00,78.3,71.2,80.8,68.2,point
2023-07-03 14:00:00,77.9,69.5,79.9,67.1,point
2023-07-03 14:10:00,78.5,69.5,80.8,67.7,point
2023-07-03 14:20:00,78.6,68.7,80.6,67.4,point
2023-07-03 14:30:00,78.8,68.5,81.0,67.5,point
2023-07-03 14:40:00,79.5,68.9,82.6,68.5,point
2023-07-03 14:50:00,79.3,67.7,81.9,67.7,point
2023-07-03 15:00:00,79.1,66.5,81.3,67.0,point
2023-07-03 15:10:00,79.1,67.6,81.5,67.4,point
2023-07-03 15:20:00,78.9,68.4,81.3,67.6,point
2023-07-03 15:30:00,78.8,67.1,81.0,67.0,point
2023-07-03 15:40:00,79.8,66.1,82.4,67.4,point
2023-07-03 15:50:00,79.8,65.8,82.2,67.3,point
2023-07-03 16:00:00,79.7,66.2,82.0,67.4,point
2023-07-03 16:10:00,79.8,66.6,82.4,67.6,point
2023-07-03 16:20:00,80.4,64.0,82.8,67.1,point
2023-07-03 16:30:00,81.1,62.9,83.7,67.2,point
2023-07-03 16:40:00,80.9,64.9,84.0,68.0,point
2023-07-03 16:50:00,81.2,61.5,83.7,66.8,point
2023-07-03 17:00:00,81.6,61.4,84.2,67.0,point
2023-07-03 17:10:00,81.3,60.9,83.5,66.5,point
2023-07-03 17:20:00,81.2,61.0,83.5,66.5,point
2023-07-03 17:30:00,81.5,60.2,84.0,66.4,point
2023-07-03 17:40:00,81.2,60.7,83.5,66.3,point
2023-07-03 17:50:00,80.9,60.8,82.9,66.1,point
2023-07-03 18:00:00,80.9,62.1,83.3,66.8,point
2023-07-03 18:10:00,80.9,62.2,83.3,66.8,point
2023-07-03 18:20:00,80.6,62.4,82.9,66.6,point
2023-07-03 18:30:00,80.3,63.1,82.6,66.6,point
2023-07-03 18:40:00,80.1,62.6,82.2,66.2,point
2023-07-03 18:50:00,80.0,62.1,81.9,65.8,point
2023-07-03 19:00:00,80.0,61.9,81.9,65.7,point
2023-07-03 19:10:00,80.0,61.3,81.7,65.4,point
2023-07-03 19:20:00,79.8,65.3,82.2,67.1,point
2023-07-03 19:30:00,79.7,65.2,81.9,67.0,point
2023-07-03 19:40:00,79.7,66.4,82.2,67.5,point
2023-07-03 19:50:00,79.4,65.9,81.7,67.0,point
2023-07-03 20:00:00,79.2,66.9,81.5,67.2,point
2023-07-03 20:10:00,79.1,65.5,81.0,66.5,point
2023-07-03 20:20:00,79.2,66.3,81.5,67.0,point
2023-07-03 20:30:00,79.0,65.8,81.1,66.6,point
2023-07-03 20:40:00,78.7,67.9,81.0,67.2,point
2023-07-03 20:50:00,78.3,68.4,80.4,67.0,point
2023-07-03 21:00:00,77.9,68.9,79.5,66.8,point
2023-07-03 21:10:00,77.6,69.0,79.2,66.6,point
2023-07-03 21:20:00,77.4,69.3,79.0,66.6,point
2023-07-03 21:30:00,77.1,69.6,78.4,66.4,point
2023-07-03 21:40:00,77.0,70.4,78.4,66.7,point
2023-07-03 21:50:00,76.9,71.7,78.3,67.1,point
2023-07-03 22:00:00,76.6,71.6,77.7,66.7,point
2023-07-03 22:10:00,76.2,72.7,77.4,66.8,point
2023-07-03 22:20:00,76.0,73.9,77.4,67.1,point
2023-07-03 22:30:00,75.7,75.1,77.2,67.3,point
2023-07-03 22:40:00,75.5,76.2,77.0,67.5,point
2023-07-03 22:50:00,75.3,76.6,76.8,67.4,point
2023-07-03 23:00:00,75.1,77.8,76.6,67.7,point
2023-07-03 23:10:00,75.0,78.3,76.6,67.8,point
2023-07-03 23:20:00,74.7,79.3,76.6,67.9,point
2023-07-03 23:30:00,74.6,79.6,76.3,67.8,point
2023-07-03 23:40:00,74.3,79.6,76.1,67.6,point
2023-07-03 23:50:00,74.2,80.7,76.1,67.9,point
2023-07-04 00:00:00,74.0,81.0,75.7,67.8,point
2023-07-04 00:10:00,73.9,81.8,75.6,68.0,point
2023-07-04 00:20:00,73.8,82.3,75.7,68.1,point
2023-07-04 00:30:00,73.7,82.9,75.6,68.1,point
2023-07-04 00:40:00,73.5,83.6,75.4,68.2,point
2023-07-04 00:50:00,73.5,84.4,75.4,68.5,point
2023-07-04 01:00:00,73.3,85.1,75.2,68.6,point
2023-07-04 01:10:00,73.2,86.0,75.4,68.8,point
2023-07-04 01:20:00,73.1,86.9,75.2,69.0,point
2023-07-04 01:30:00,73.0,87.3,75.0,69.0,point
2023-07-04 01:40:00,72.9,87.8,75.0,69.1,point
2023-07-04 01:50:00,72.7,88.2,74.8,69.0,point
2023-07-04 02:00:00,72.5,88.6,74.7,68.9,point
2023-07-04 02:10:00,72.3,89.0,74.1,68.9,point
2023-07-04 02:20:00,72.1,89.3,74.1,68.8,point
2023-07-04 02:30:00,72.1,90.0,73.9,69.0,point
2023-07-04 02:40:00,72.0,90.4,74.1,69.0,point
2023-07-04 02:50:00,72.0,90.5,74.1,69.0,point
2023-07-04 03:00:00,71.8,90.7,73.9,68.9,point
2023-07-04 03:10:00,71.9,91.2,73.9,69.2,point
2023-07-04 03:20:00,71.7,91.3,73.6,69.0,point
2023-07-04 03:30:00,71.6,91.7,73.4,69.0,point
2023-07-04 03:40:00,71.5,92.1,73.4,69.0,point
2023-07-04 03:50:00,71.3,92.4,73.2,69.0,point
2023-07-04 04:00:00,71.3,92.5,73.2,69.0,point
2023-07-04 04:10:00,71.0,92.9,72.7,68.9,point
2023-07-04 04:20:00,71.0,93.2,72.7,68.9,point
2023-07-04 04:30:00,70.8,93.7,72.5,68.9,point
2023-07-04 04:40:00,70.9,94.0,72.9,69.0,point
2023-07-04 04:50:00,70.7,94.1,72.3,68.9,point
2023-07-04 05:00:00,70.6,94.4,72.3,69.0,point
2023-07-04 05:10:00,70.6,94.6,72.3,68.9,point
2023-07-04 05:20:00,70.5,94.6,72.1,68.9,point
2023-07-04 05:30:00,70.4,94.9,72.1,68.8,point
2023-07-04 05:40:00,70.3,95.2,72.0,68.8,point
2023-07-04 05:50:00,70.3,95.5,72.0,69.0,point
2023-07-04 06:00:00,70.7,94.6,72.3,69.0,point
2023-07-04 06:10:00,70.8,94.1,72.7,69.0,point
2023-07-04 06:20:00,71.0,94.0,72.9,69.2,point
2023-07-04 06:30:00,71.2,93.6,72.9,69.2,point
2023-07-04 06:40:00,71.4,93.3,73.2,69.3,point
2023-07-04 06:50:00,71.8,92.2,73.9,69.4,point
2023-07-04 07:00:00,72.2,92.1,74.5,69.8,point
2023-07-04 07:10:00,72.4,91.4,74.7,69.8,point
2023-07-04 07:20:00,73.0,89.9,75.2,69.8,point
2023-07-04 07:30:00,73.4,89.2,75.6,70.0,point
2023-07-04 07:40:00,73.8,87.8,76.3,70.0,point
2023-07-04 07:50:00,74.2,86.7,76.6,70.0,point
2023-07-04 08:00:00,74.5,86.7,77.0,70.2,point
2023-07-04 08:10:00,74.9,85.4,77.4,70.2,point
2023-07-04 08:20:00,75.4,84.1,77.9,70.3,point
2023-07-04 08:30:00,75.7,83.7,78.1,70.4,point
2023-07-04 08:40:00,76.1,82.3,78.6,70.3,point
2023-07-04 08:50:00,76.5,81.3,79.0,70.4,point
2023-07-04 09:00:00,76.8,81.6,79.7,70.8,point
2023-07-04 09:10:00,77.1,80.1,79.9,70.4,point
2023-07-04 09:20:00,77.5,80.3,80.6,71.0,point
2023-07-04 09:30:00,78.0,77.1,81.1,70.2,point
2023-07-04 09:40:00,77.9,78.0,81.0,70.4,point
2023-07-04 09:50:00,78.1,75.4,81.1,69.7,point
2023-07-04 10:00:00,78.3,76.4,81.9,70.2,point
2023-07-04 10:10:00,78.7,75.6,82.2,70.3,point
2023-07-04 10:20:00,78.6,75.3,82.2,70.2,point
2023-07-04 10:30:00,79.2,74.7,83.1,70.4,point
2023-07-04 10:40:00,80.1,72.3,84.2,70.4,point
2023-07-04 10:50:00,80.8,71.8,85.5,70.8,point
2023-07-04 11:00:00,80.9,68.5,84.7,69.6,point
2023-07-04 11:10:00,80.9,67.8,84.6,69.2,point
2023-07-04 11:20:00,80.6,68.3,84.0,69.2,point
2023-07-04 11:30:00,80.9,67.8,84.6,69.2,point
2023-07-04 11:40:00,82.0,69.7,86.9,71.1,point
2023-07-04 11:50:00,82.0,67.9,86.4,70.3,point
2023-07-04 12:00:00,81.1,69.8,85.3,70.3,point
2023-07-04 12:10:00,80.3,71.0,84.2,70.0,point
2023-07-04 12:20:00,79.6,74.9,83.7,70.9,point
2023-07-04 12:30:00,78.0,74.3,80.6,69.1,point
2023-07-04 12:40:00,73.2,78.3,74.5,66.0,point
2023-07-04 12:50:00,69.9,85.3,70.9,65.2,point
2023-07-04 13:00:00,68.3,91.2,69.4,65.6,point
2023-07-04 13:10:00,67.7,94.8,69.1,66.2,point
2023-07-04 13:20:00,67.3,96.2,68.7,66.2,point
2023-07-04 13:30:00,66.8,97.0,68.2,65.9,point
2023-07-04 13:40:00,66.7,97.9,68.2,66.1,point
2023-07-04 13:50:00,66.7,98.3,68.2,66.2,point
2023-07-04 14:00:00,66.7,98.7,68.2,66.3,point
2023-07-04 14:10:00,67.0,98.2,68.5,66.5,point
2023-07-04 14:20:00,68.0,99.6,69.6,67.9,point
2023-07-04 14:30:00,68.6,99.2,70.3,68.3,point
2023-07-04 14:40:00,68.9,99.3,70.7,68.7,point
2023-07-04 14:50:00,69.6,99.7,71.6,69.5,point
2023-07-04 15:00:00,69.9,98.8,71.8,69.5,point
2023-07-04 15:10:00,71.0,98.3,73.0,70.5,point
2023-07-04 15:20:00,71.2,94.7,73.0,69.6,point
2023-07-04 15:30:00,71.1,93.0,72.9,69.0,point
2023-07-04 15:40:00,71.6,89.2,73.2,68.2,point
2023-07-04 15:50:00,72.1,93.8,74.3,70.2,point
2023-07-04 16:00:00,72.7,87.3,74.8,68.7,point
2023-07-04 16:10:00,74.0,84.6,76.3,69.0,point
2023-07-04 16:20:00,76.2,87.4,79.3,72.2,point
2023-07-04 16:30:00,77.0,84.3,80.4,71.9,point
2023-07-04 16:40:00,78.2,75.1,81.1,69.6,point
2023-07-04 16:50:00,78.7,74.9,82.0,70.0,point
2023-07-04 17:00:00,78.4,76.8,81.9,70.5,point
2023-07-04 17:10:00,78.1,75.2,81.1,69.6,point
2023-07-04 17:20:00,77.5,75.1,79.9,69.0,point
2023-07-04 17:30:00,77.8,73.7,80.2,68.7,point
2023-07-04 17:40:00,79.1,67.1,81.3,67.3,point
2023-07-04 17:50:00,79.6,67.4,82.2,67.9,point
2023-07-04 18:00:00,79.5,66.3,81.9,67.2,point
2023-07-04 18:10:00,79.3,65.8,81.3,66.8,point
2023-07-04 18:20:00,78.8,66.7,80.6,66.7,point
2023-07-04 18:30:00,78.4,65.6,79.9,65.9,point
2023-07-04 18:40:00,78.5,67.6,80.6,66.9,point
2023-07-04 18:50:00,78.5,66.9,80.4,66.7,point
2023-07-04 19:00:00,78.9,65.1,80.8,66.2,point
2023-07-04 19:10:00,78.3,67.2,80.1,66.5,point
2023-07-04 19:20:00,77.5,68.2,78.8,66.1,point
2023-07-04 19:30:00,77.1,70.9,78.6,66.9,point
2023-07-04 19:40:00,76.9,71.1,78.3,66.8,point
2023-07-04 19:50:00,76.5,70.7,77.7,66.3,point
2023-07-04 20:00:00,76.2,71.9,77.2,66.5,point
2023-07-04 20:10:00,76.0,72.5,77.2,66.5,point
2023-07-04 20:20:00,75.6,73.0,76.8,66.4,point
2023-07-04 20:30:00,75.4,76.9,77.2,67.6,point
2023-07-04 20:40:00,74.9,76.5,76.5,67.0,point
2023-07-04 20:50:00,75.0,77.6,76.5,67.5,point
2023-07-04 21:00:00,74.8,77.7,76.3,67.4,point
2023-07-04 21:10:00,74.5,78.5,76.1,67.4,point
2023-07-04 21:20:00,74.1,80.1,75.7,67.6,point
2023-07-04 21:30:00,73.8,79.7,75.6,67.2,point
2023-07-04 21:40:00,73.6,80.0,75.4,67.0,point
2023-07-04 21:50:00,73.5,80.0,75.0,67.0,point
2023-07-04 22:00:00,73.3,83.2,75.2,67.9,point
2023-07-04 22:10:00,73.1,82.2,74.8,67.3,point
2023-07-04 22:20:00,72.9,83.6,74.8,67.7,point
2023-07-04 22:30:00,72.7,84.5,74.5,67.7,point
2023-07-04 22:40:00,72.5,84.5,74.1,67.5,point
2023-07-04 22:50:00,72.3,85.1,73.9,67.6,point
2023-07-04 23:00:00,72.4,84.8,74.1,67.6,point
2023-07-04 23:10:00,72.3,86.0,73.9,67.9,point
2023-07-04 23:20:00,72.1,85.5,73.6,67.5,point
2023-07-04 23:30:00,72.0,86.9,73.8,67.9,point
2023-07-04 23:40:00,71.7,87.8,73.4,67.9,point
2023-07-04 23:50:00,71.4,87.4,72.9,67.5,point
2023-07-05 00:00:00,71.4,88.8,73.0,67.9,point
2023-07-05 00:10:00,71.3,89.4,73.0,68.0,point
2023-07-05 00:20:00,71.0,89.8,72.5,67.9,point
2023-07-05 00:30:00,70.8,89.9,72.3,67.7,point
2023-07-05 00:40:00,70.8,90.0,72.3,67.7,point
2023-07-05 00:50:00,70.6,90.5,72.1,67.7,point
2023-07-05 01:00:00,70.4,91.0,72.0,67.6,point
2023-07-05 01:10:00,70.2,91.4,71.8,67.6,point
2023-07-05 01:20:00,70.0,91.8,71.6,67.5,point
2023-07-05 01:30:00,69.9,91.9,71.4,67.5,point
2023-07-05 01:40:00,69.9,92.2,71.4,67.5,point
2023-07-05 01:50:00,69.7,92.0,71.2,67.3,point
2023-07-05 02:00:00,69.6,92.6,70.9,67.4,point
2023-07-05 02:10:00,69.5,92.2,70.9,67.1,point
2023-07-05 02:20:00,69.4,92.9,70.7,67.3,point
2023-07-05 02:30:00,69.3,93.0,70.7,67.2,point
2023-07-05 02:40:00,69.2,93.1,70.5,67.1,point
2023-07-05 02:50:00,69.1,93.9,70.7,67.3,point
2023-07-05 03:00:00,68.9,93.7,70.3,67.0,point
2023-07-05 03:10:00,69.0,94.0,70.5,67.2,point
2023-07-05 03:20:00,68.8,94.4,70.3,67.1,point
2023-07-05 03:30:00,68.8,94.3,70.3,67.1,point
2023-07-05 03:40:00,68.8,94.0,70.3,67.0,point
2023-07-05 03:50:00,68.7,94.7,70.3,67.1,point
2023-07-05 04:00:00,68.6,94.9,70.2,67.1,point
2023-07-05 04:10:00,68.4,94.5,69.8,66.8,point
2023-07-05 04:20:00,68.3,94.6,69.6,66.7,point
2023-07-05 04:30:00,68.3,95.3,69.6,66.8,point
2023-07-05 04:40:00,68.3,95.5,69.6,66.9,point
2023-07-05 04:50:00,68.2,95.7,69.8,66.9,point
2023-07-05 05:00:00,68.0,95.8,69.6,66.8,point
2023-07-05 05:10:00,67.9,96.2,69.4,66.8,point
2023-07-05 05:20:00,68.0,96.5,69.6,67.0,point
2023-07-05 05:30:00,68.0,97.0,69.4,67.1,point
2023-07-05 05:40:00,68.1,97.7,69.8,67.4,point
2023-07-05 05:50:00,68.5,98.6,70.2,68.1,point
2023-07-05 06:00:00,69.3,99.0,71.2,69.0,point
2023-07-05 06:10:00,69.9,97.8,71.8,69.3,point
2023-07-05 06:20:00,70.3,96.4,72.0,69.2,point
2023-07-05 06:30:00,70.7,95.0,72.3,69.2,point
2023-07-05 06:40:00,70.8,94.4,72.7,69.1,point
2023-07-05 06:50:00,71.1,93.6,72.9,69.1,point
2023-07-05 07:00:00,71.4,93.3,73.2,69.3,point
2023-07-05 07:10:00,71.6,92.6,73.4,69.3,point
2023-07-05 07:20:00,72.0,91.5,74.1,69.4,point
2023-07-05 07:30:00,72.3,90.3,74.3,69.3,point
2023-07-05 07:40:00,72.8,90.5,75.0,69.8,point
2023-07-05 07:50:00,73.2,89.5,75.4,69.9,point
2023-07-05 08:00:00,73.6,88.3,76.1,69.9,point
2023-07-05 08:10:00,73.7,87.9,76.1,69.8,point
2023-07-05 08:20:00,74.1,87.9,76.5,70.3,point
2023-07-05 08:30:00,74.6,86.6,77.0,70.3,point
2023-07-05 08:40:00,74.9,86.5,77.5,70.6,point
2023-07-05 08:50:00,75.5,85.1,78.1,70.7,point
2023-07-05 09:00:00,75.8,84.6,78.4,70.8,point
2023-07-05 09:10:00,76.0,83.8,78.6,70.7,point
2023-07-05 09:20:00,76.5,83.4,79.3,71.0,point
2023-07-05 09:30:00,76.7,82.3,79.5,70.9,point
2023-07-05 09:40:00,77.0,81.4,80.1,70.8,point
2023-07-05 09:50:00,77.2,81.4,80.4,71.1,point
2023-07-05 10:00:00,77.7,80.3,81.0,71.2,point
2023-07-05 10:10:00,78.2,79.2,82.0,71.3,point
2023-07-05 10:20:00,78.9,78.5,83.1,71.7,point
2023-07-05 10:30:00,79.2,77.2,83.7,71.5,point
2023-07-05 10:40:00,79.5,77.0,84.0,71.7,point
2023-07-05 10:50:00,80.1,75.7,85.1,71.7,point
2023-07-05 11:00:00,80.4,74.4,85.1,71.5,point
2023-07-05 11:10:00,80.7,74.9,85.8,72.0,point
2023-07-05 11:20:00,81.1,73.1,86.2,71.6,point
2023-07-05 11:30:00,81.1,72.8,86.0,71.6,point
2023-07-05 11:40:00,81.8,72.6,87.3,72.2,point
2023-07-05 11:50:00,82.1,71.2,87.6,71.8,point
2023-07-05 12:00:00,82.1,69.2,87.1,71.0,point
2023-07-05 12:10:00,82.1,69.6,87.1,71.2,point
2023-07-05 12:20:00,82.5,70.8,88.2,72.0,point
2023-07-05 12:30:00,82.7,69.2,88.2,71.6,point
2023-07-05 12:40:00,82.9,69.1,88.7,71.7,point
2023-07-05 12:50:00,83.3,68.2,89.2,71.7,point
2023-07-05 13:00:00,83.4,67.2,89.2,71.4,point
2023-07-05 13:10:00,83.8,67.1,90.1,71.7,point
2023-07-05 13:20:00,84.2,68.5,91.8,72.7,point
2023-07-05 13:30:00,84.6,66.4,91.9,72.1,point
2023-07-05 13:40:00,84.8,67.2,92.5,72.7,point
2023-07-05 13:50:00,84.8,65.7,92.1,72.1,point
2023-07-05 14:00:00,85.3,64.5,92.8,72.0,point
2023-07-05 14:10:00,85.2,63.0,91.9,71.2,point
2023-07-05 14:20:00,86.0,62.3,93.6,71.6,point
2023-07-05 14:30:00,86.0,63.1,93.6,71.9,point
2023-07-05 14:40:00,85.8,61.8,92.8,71.2,point
2023-07-05 14:50:00,86.6,58.9,93.4,70.5,point
2023-07-05 15:00:00,86.3,57.5,92.1,69.5,point
2023-07-05 15:10:00,86.7,58.8,93.7,70.6,point
2023-07-05 15:20:00,86.5,56.1,91.9,69.0,point
2023-07-05 15:30:00,86.8,54.1,91.9,68.2,point
2023-07-05 15:40:00,86.3,57.7,92.1,69.6,point
2023-07-05 15:50:00,86.0,56.8,91.6,68.9,point
2023-07-05 16:00:00,86.1,57.4,91.8,69.2,point
2023-07-05 16:10:00,85.4,59.4,91.0,69.6,point
2023-07-05 16:20:00,84.8,61.0,90.3,69.9,point
2023-07-05 16:30:00,84.7,63.5,90.9,71.0,point
2023-07-05 16:40:00,84.7,67.0,92.1,72.5,point
2023-07-05 16:50:00,84.6,69.1,92.8,73.3,point
2023-07-05 17:00:00,84.7,68.1,92.5,73.0,point
2023-07-05 17:10:00,84.4,67.6,91.9,72.5,point
2023-07-05 17:20:00,84.4,66.4,91.6,72.0,point
2023-07-05 17:30:00,84.4,67.3,91.8,72.4,point
2023-07-05 17:40:00,84.1,66.8,90.9,71.9,point
2023-07-05 17:50:00,84.1,66.2,90.7,71.6,point
2023-07-05 18:00:00,83.8,67.8,90.3,72.0,point
2023-07-05 18:10:00,83.3,69.9,89.8,72.4,point
2023-07-05 18:20:00,83.0,71.5,89.6,72.9,point
2023-07-05 18:30:00,82.9,72.1,89.4,73.0,point
2023-07-05 18:40:00,83.0,73.6,90.3,73.7,point
2023-07-05 18:50:00,83.8,74.2,92.3,74.7,point
2023-07-05 19:00:00,84.1,73.1,93.0,74.6,point
2023-07-05 19:10:00,84.6,73.1,94.3,75.0,point
2023-07-05 19:20:00,84.7,72.4,94.1,74.8,point
2023-07-05 19:30:00,84.7,72.1,93.9,74.7,point
2023-07-05 19:40:00,84.4,72.3,93.6,74.5,point
2023-07-05 19:50:00,84.2,72.6,92.8,74.4,point
2023-07-05 20:00:00,83.7,72.4,91.8,73.9,point
2023-07-05 20:10:00,83.5,71.2,91.0,73.2,point
2023-07-05 20:20:00,83.4,71.9,90.7,73.4,point
2023-07-05 20:30:00,83.0,72.9,90.1,73.4,point
2023-07-05 20:40:00,82.8,73.6,89.8,73.5,point
2023-07-05 20:50:00,82.5,75.4,89.4,73.9,point
2023-07-05 21:00:00,82.1,76.4,89.1,73.9,point
2023-07-05 21:10:00,81.8,77.3,88.5,74.0,point
2023-07-05 21:20:00,81.6,78.0,88.3,74.0,point
2023-07-05 21:30:00,81.4,79.1,88.3,74.3,point
2023-07-05 21:40:00,81.2,79.4,88.2,74.2,point
2023-07-05 21:50:00,80.9,80.7,87.6,74.4,point
2023-07-05 22:00:00,81.2,80.8,88.3,74.8,point
2023-07-05 22:10:00,81.0,81.0,88.2,74.7,point
2023-07-05 22:20:00,80.9,81.1,87.8,74.6,point
2023-07-05 22:30:00,80.9,81.4,87.8,74.6,point
2023-07-05 22:40:00,80.4,82.3,86.9,74.5,point
2023-07-05 22:50:00,80.0,82.1,86.2,74.1,point
2023-07-05 23:00:00,79.9,81.7,86.0,73.8,point
2023-07-05 23:10:00,79.7,81.9,85.8,73.7,point
2023-07-05 23:20:00,79.5,81.7,85.3,73.5,point
2023-07-05 23:30:00,79.5,81.3,84.9,73.2,point
2023-07-05 23:40:00,79.5,81.7,84.9,73.4,point
2023-07-05 23:50:00,79.3,81.7,84.6,73.2,point
2023-07-06 00:00:00,79.3,81.5,84.4,73.1,point
2023-07-06 00:10:00,79.1,81.6,84.0,73.0,point
2023-07-06 00:20:00,79.3,82.0,84.6,73.3,point
2023-07-06 00:30:00,79.3,82.1,84.6,73.4,point
2023-07-06 00:40:00,78.7,82.8,83.7,73.0,point
2023-07-06 00:50:00,78.5,83.9,83.5,73.3,point
2023-07-06 01:00:00,78.5,84.0,83.5,73.3,point
2023-07-06 01:10:00,78.5,83.7,83.5,73.1,point
2023-07-06 01:20:00,78.4,83.3,82.9,72.9,point
2023-07-06 01:30:00,78.2,82.7,82.4,72.5,point
2023-07-06 01:40:00,78.1,82.3,82.4,72.2,point
2023-07-06 01:50:00,78.0,82.3,82.0,72.1,point
2023-07-06 02:00:00,77.7,81.7,81.5,71.7,point
2023-07-06 02:10:00,77.4,81.1,80.8,71.2,point
2023-07-06 02:20:00,77.4,79.7,80.6,70.6,point
2023-07-06 02:30:00,77.2,78.2,79.5,69.8,point
2023-07-06 02:40:00,77.1,76.9,79.3,69.3,point
2023-07-06 02:50:00,77.3,76.2,79.5,69.2,point
2023-07-06 03:00:00,77.0,76.5,79.3,69.1,point
2023-07-06 03:10:00,76.7,76.7,78.6,68.9,point
2023-07-06 03:20:00,76.5,76.6,78.4,68.6,point
2023-07-06 03:30:00,76.3,76.4,78.1,68.4,point
2023-07-06 03:40:00,76.0,76.5,77.7,68.1,point
2023-07-06 03:50:00,76.1,76.2,77.5,68.0,point
2023-07-06 04:00:00,75.8,76.9,77.5,68.0,point
2023-07-06 04:10:00,75.5,77.8,77.2,68.1,point
2023-07-06 04:20:00,75.2,78.2,77.0,67.9,point
2023-07-06 04:30:00,74.9,78.8,76.6,67.9,point
2023-07-06 04:40:00,74.8,79.7,76.6,68.1,point
2023-07-06 04:50:00,74.5,80.0,76.3,67.9,point
2023-07-06 05:00:00,74.4,80.1,76.1,67.9,point
2023-07-06 05:10:00,74.2,80.4,75.9,67.7,point
2023-07-06 05:20:00,74.0,80.8,75.7,67.7,point
2023-07-06 05:30:00,73.8,81.1,75.6,67.7,point
2023-07-06 05:40:00,73.8,80.9,75.6,67.5,point
2023-07-06 05:50:00,73.7,80.8,75.4,67.4,point
2023-07-06 06:00:00,73.8,80.4,75.6,67.4,point
2023-07-06 06:10:00,73.8,80.1,75.6,67.3,point
2023-07-06 06:20:00,73.7,80.0,75.4,67.1,point
2023-07-06 06:30:00,73.9,79.8,75.6,67.3,point
2023-07-06 06:40:00,74.1,79.4,75.7,67.3,point
2023-07-06 06:50:00,74.3,78.5,75.7,67.2,point
2023-07-06 07:00:00,74.4,78.6,75.9,67.3,point
2023-07-06 07:10:00,74.7,77.9,76.5,67.3,point
2023-07-06 07:20:00,75.1,77.6,76.6,67.6,point
2023-07-06 07:30:00,75.5,76.5,77.2,67.6,point
2023-07-06 07:40:00,75.8,75.9,77.4,67.7,point
2023-07-06 07:50:00,76.1,75.4,77.5,67.7,point
2023-07-06 08:00:00,76.4,75.1,77.9,67.9,point
2023-07-06 08:10:00,76.9,74.6,78.6,68.2,point
2023-07-06 08:20:00,77.2,74.0,79.3,68.2,point
2023-07-06 08:30:00,77.4,73.7,79.7,68.3,point
2023-07-06 08:40:00,77.6,72.8,79.7,68.2,point
2023-07-06 08:50:00,77.8,73.5,80.1,68.6,point
2023-07-06 09:00:00,78.2,72.4,80.8,68.6,point
2023-07-06 09:10:00,78.7,72.4,81.7,69.0,point
2023-07-06 09:20:00,79.2,71.6,82.4,69.2,point
2023-07-06 09:30:00,79.6,70.8,82.9,69.3,point
2023-07-06 09:40:00,80.1,69.0,83.7,69.0,point
2023-07-06 09:50:00,80.6,68.0,84.2,69.1,point
2023-07-06 10:00:00,81.1,67.6,84.9,69.4,point
2023-07-06 10:10:00,81.7,66.8,85.8,69.6,point
2023-07-06 10:20:00,81.9,66.2,86.0,69.5,point
2023-07-06 10:30:00,82.4,66.1,86.5,69.9,point
2023-07-06 10:40:00,82.9,64.5,87.3,69.7,point
2023-07-06 10:50:00,83.0,63.3,87.3,69.3,point
2023-07-06 11:00:00,83.5,62.0,88.0,69.2,point
2023-07-06 11:10:00,83.7,59.8,87.8,68.2,point
2023-07-06 11:20:00,83.9,58.6,87.8,67.8,point
2023-07-06 11:30:00,84.0,56.4,87.6,66.8,point
2023-07-06 11:40:00,84.2,56.5,88.0,67.1,point
2023-07-06 11:50:00,84.7,56.9,88.9,67.7,point
2023-07-06 12:00:00,85.4,55.9,89.8,67.8,point
2023-07-06 12:10:00,85.4,56.0,90.0,67.9,point
2023-07-06 12:20:00,86.1,55.5,91.2,68.3,point
2023-07-06 12:30:00,86.1,54.3,90.7,67.7,point
2023-07-06 12:40:00,86.4,52.5,90.7,66.9,point
2023-07-06 12:50:00,86.7,50.6,90.5,66.2,point
2023-07-06 13:00:00,87.2,50.3,91.2,66.5,point
2023-07-06 13:10:00,87.3,50.8,91.8,66.8,point
2023-07-06 13:20:00,87.3,46.5,90.1,64.3,point
2023-07-06 13:30:00,87.9,44.2,90.1,63.4,point
2023-07-06 13:40:00,88.1,39.4,89.1,60.3,point
2023-07-06 13:50:00,88.1,40.4,89.4,61.1,point
2023-07-06 14:00:00,88.3,39.2,89.1,60.4,point
2023-07-06 14:10:00,89.2,37.3,90.1,59.8,point
2023-07-06 14:20:00,89.1,37.2,90.0,59.5,point
2023-07-06 14:30:00,89.2,38.8,90.7,60.8,point
2023-07-06 14:40:00,89.0,42.0,91.4,62.9,point
2023-07-06 14:50:00,89.2,40.6,91.2,62.2,point
2023-07-06 15:00:00,88.8,42.5,91.2,63.1,point
2023-07-06 15:10:00,89.2,42.7,92.1,63.6,point
2023-07-06 15:20:00,88.8,43.7,91.6,63.8,point
2023-07-06 15:30:00,89.6,43.1,92.8,64.2,point
2023-07-06 15:40:00,89.4,44.3,92.8,64.8,point
2023-07-06 15:50:00,89.8,43.4,93.6,64.6,point
2023-07-06 16:00:00,89.7,42.8,93.0,64.1,point
2023-07-06 16:10:00,89.0,45.2,92.5,65.0,point
2023-07-06 16:20:00,88.7,47.1,93.0,65.9,point
2023-07-06 16:30:00,89.3,44.1,92.8,64.6,point
2023-07-06 16:40:00,89.8,45.2,93.9,65.8,point
2023-07-06 16:50:00,91.4,44.5,97.0,66.7,point
2023-07-06 17:00:00,91.3,43.4,96.3,66.0,point
2023-07-06 17:10:00,90.3,48.1,96.3,67.9,point
2023-07-06 17:20:00,89.0,49.4,94.3,67.6,point
2023-07-06 17:30:00,88.4,50.4,93.6,67.6,point
2023-07-06 17:40:00,87.9,49.7,92.3,66.8,point
2023-07-06 17:50:00,87.9,49.0,91.9,66.3,point
2023-07-06 18:00:00,87.8,50.2,92.5,66.9,point
2023-07-06 18:10:00,87.6,51.6,92.7,67.6,point
2023-07-06 18:20:00,87.6,52.0,92.5,67.8,point
2023-07-06 18:30:00,87.2,51.9,91.8,67.4,point
2023-07-06 18:40:00,86.9,52.4,91.4,67.3,point
2023-07-06 18:50:00,86.4,52.6,90.7,67.0,point
2023-07-06 19:00:00,86.1,51.8,89.8,66.3,point
2023-07-06 19:10:00,86.0,52.5,90.1,66.6,point
2023-07-06 19:20:00,85.6,51.9,88.9,65.9,point
2023-07-06 19:30:00,85.6,50.0,88.2,64.8,point
2023-07-06 19:40:00,85.3,50.6,88.2,64.9,point
2023-07-06 19:50:00,85.3,51.7,88.5,65.5,point
2023-07-06 20:00:00,85.0,53.1,88.3,66.0,point
2023-07-06 20:10:00,84.8,53.0,88.0,65.8,point
2023-07-06 20:20:00,85.1,54.2,89.1,66.7,point
2023-07-06 20:30:00,85.0,54.0,88.5,66.5,point
2023-07-06 20:40:00,84.8,56.1,88.9,67.4,point
2023-07-06 20:50:00,85.0,56.3,89.2,67.7,point
2023-07-06 21:00:00,85.2,55.4,89.4,67.4,point
2023-07-06 21:10:00,84.7,55.7,88.3,67.1,point
2023-07-06 21:20:00,84.6,55.9,88.3,67.1,point
2023-07-06 21:30:00,82.7,59.8,85.6,67.3,point
2023-07-06 21:40:00,81.2,61.3,83.5,66.6,point
2023-07-06 21:50:00,80.4,63.0,82.6,66.7,point
2023-07-06 22:00:00,80.2,64.2,82.6,67.0,point
2023-07-06 22:10:00,80.0,64.9,82.4,67.1,point
2023-07-06 22:20:00,79.8,65.6,82.2,67.2,point
2023-07-06 22:30:00,79.4,64.1,81.5,66.3,point
2023-07-06 22:40:00,79.3,63.2,81.0,65.7,point
2023-07-06 22:50:00,79.3,63.4,81.0,65.8,point
2023-07-06 23:00:00,78.9,64.9,80.8,66.1,point
2023-07-06 23:10:00,78.6,65.5,80.1,66.0,point
2023-07-06 23:20:00,78.6,62.7,79.7,64.8,point
2023-07-06 23:30:00,78.8,62.0,80.1,64.7,point
2023-07-06 23:40:00,79.0,62.9,80.6,65.3,point
2023-07-06 23:50:00,78.7,63.9,80.2,65.4,point
2023-07-07 00:00:00,78.5,64.2,79.9,65.5,point
2023-07-07 00:10:00,78.5,63.5,79.9,65.0,point
2023-07-07 00:20:00,78.2,64.3,79.3,65.2,point
2023-07-07 00:30:00,77.9,65.8,79.0,65.5,point
2023-07-07 00:40:00,77.6,65.6,78.6,65.2,point
2023-07-07 00:50:00,77.4,67.0,78.6,65.6,point
2023-07-07 01:00:00,77.0,66.5,77.9,65.0,point
2023-07-07 01:10:00,76.8,67.2,77.7,65.1,point
2023-07-07 01:20:00,76.8,67.3,77.4,65.1,point
2023-07-07 01:30:00,76.8,67.2,77.4,65.1,point
2023-07-07 01:40:00,76.8,67.2,77.4,65.1,point
2023-07-07 01:50:00,76.5,68.8,77.4,65.5,point
2023-07-07 02:00:00,76.4,69.4,77.2,65.6,point
2023-07-07 02:10:00,76.0,70.5,76.8,65.7,point
2023-07-07 02:20:00,75.8,71.1,76.8,65.8,point
2023-07-07 02:30:00,75.7,71.5,76.6,65.9,point
2023-07-07 02:40:00,75.7,71.3,76.6,65.7,point
2023-07-07 02:50:00,75.8,71.0,76.8,65.8,point
2023-07-07 03:00:00,75.9,71.2,76.8,65.9,point
2023-07-07 03:10:00,75.9,71.4,76.8,66.0,point
2023-07-07 03:20:00,75.7,71.9,76.6,66.0,point
2023-07-07 03:30:00,75.5,72.7,76.6,66.1,point
2023-07-07 03:40:00,75.5,73.3,76.6,66.4,point
2023-07-07 03:50:00,75.3,74.1,76.6,66.4,point
2023-07-07 04:00:00,75.3,74.3,76.6,66.6,point
2023-07-07 04:10:00,75.2,75.0,76.6,66.7,point
2023-07-07 04:20:00,75.1,75.9,76.6,66.9,point
2023-07-07 04:30:00,74.9,77.1,76.5,67.2,point
2023-07-07 04:40:00,74.7,77.5,76.3,67.2,point
2023-07-07 04:50:00,74.5,78.3,76.1,67.3,point
2023-07-07 05:00:00,74.4,78.4,75.9,67.2,point
2023-07-07 05:10:00,74.2,78.8,75.7,67.2,point
2023-07-07 05:20:00,74.2,79.2,75.9,67.4,point
2023-07-07 05:30:00,74.1,79.7,75.7,67.4,point
2023-07-07 05:40:00,74.0,80.2,75.7,67.5,point
2023-07-07 05:50:00,74.0,80.5,75.7,67.6,point
2023-07-07 06:00:00,74.0,80.8,75.7,67.7,point
2023-07-07 06:10:00,73.9,81.2,75.6,67.8,point
2023-07-07 06:20:00,74.0,80.7,75.7,67.7,point
2023-07-07 06:30:00,74.3,80.3,75.9,67.8,point
2023-07-07 06:40:00,74.5,80.0,76.3,67.9,point
2023-07-07 06:50:00,74.9,78.9,76.6,67.9,point
2023-07-07 07:00:00,75.1,78.4,76.8,67.9,point
2023-07-07 07:10:00,75.5,77.4,77.2,67.9,point
2023-07-07 07:20:00,76.1,75.8,77.7,67.9,point
2023-07-07 07:30:00,76.1,75.7,77.7,67.9,point
2023-07-07 07:40:00,76.2,75.3,77.7,67.8,point
2023-07-07 07:50:00,76.1,74.8,77.5,67.6,point
2023-07-07 08:00:00,75.9,76.9,77.5,68.1,point
2023-07-07 08:10:00,75.7,76.9,77.4,67.9,point
2023-07-07 08:20:00,75.6,76.4,77.4,67.7,point
2023-07-07 08:30:00,75.5,76.3,77.0,67.5,point
2023-07-07 08:40:00,75.3,77.0,76.8,67.6,point
2023-07-07 08:50:00,74.6,80.6,76.5,68.2,point
2023-07-07 09:00:00,74.3,82.0,76.1,68.4,point
2023-07-07 09:10:00,74.0,81.3,75.7,67.9,point
2023-07-07 09:20:00,73.7,82.3,75.6,68.0,point
2023-07-07 09:30:00,73.6,81.9,75.4,67.7,point
2023-07-07 09:40:00,73.7,82.1,75.6,67.8,point
2023-07-07 09:50:00,73.6,81.3,75.4,67.5,point
2023-07-07 10:00:00,73.9,80.8,75.6,67.7,point
2023-07-07 10:10:00,74.2,80.5,76.1,67.8,point
2023-07-07 10:20:00,74.1,79.2,75.7,67.2,point
2023-07-07 10:30:00,74.2,81.1,76.1,68.1,point
2023-07-07 10:40:00,74.0,82.6,75.9,68.4,point
2023-07-07 10:50:00,73.7,85.2,75.7,69.0,point
2023-07-07 11:00:00,73.7,84.5,75.7,68.7,point
2023-07-07 11:10:00,73.8,84.7,75.9,69.0,point
2023-07-07 11:20:00,74.0,83.4,76.1,68.6,point
2023-07-07 11:30:00,74.3,84.3,76.3,69.2,point
2023-07-07 11:40:00,74.7,82.0,76.8,68.9,point
2023-07-07 11:50:00,75.5,81.6,77.5,69.5,point
2023-07-07 12:00:00,76.8,80.8,79.3,70.4,point
2023-07-07 12:10:00,77.1,76.7,79.3,69.2,point
2023-07-07 12:20:00,77.6,75.4,80.2,69.2,point
2023-07-07 12:30:00,77.7,73.4,80.1,68.6,point
2023-07-07 12:40:00,78.1,73.2,80.8,68.8,point
2023-07-27 09:50:00,74.9,77.8,76.6,67.6,point
2023-07-27 10:00:00,74.9,78.5,76.6,67.7,point